"","phenotype","description","group"
"1","008","Intestinal infection","infectious diseases"
"2","008.5","Bacterial enteritis","infectious diseases"
"3","038.1","Gram negative septicemia","infectious diseases"
"4","320","Meningitis","neurological"
"5","480.1","Bacterial pneumonia","respiratory"
"6","711","Arthropathy associated with infections","musculoskeletal"
"7","710.1","Osteomyelitis","musculoskeletal"
"8","008.7","Intestinal infection due to protozoa","infectious diseases"
"9","008.51","Intestinal e.coli","infectious diseases"
"10","008.52","Intestinal infection due to C. difficile","infectious diseases"
"11","008.6","Viral Enteritis","infectious diseases"
"12","010","Tuberculosis","infectious diseases"
"13","041","Bacterial infection NOS","infectious diseases"
"14","686","Other local infections of skin and subcutaneous tissue","dermatologic"
"15","369","Infection of the eye","sense organs"
"16","038.2","Gram positive septicemia","infectious diseases"
"17","031.1","Leprosy","infectious diseases"
"18","031","Diseases due to other mycobacteria","infectious diseases"
"19","465","Acute upper respiratory infections of multiple or unspecified sites","respiratory"
"20","420.1","Myocarditis","circulatory system"
"21","567","Peritonitis and retroperitoneal infections","digestive"
"22","592.1","Cystitis","genitourinary"
"23","041.2","Streptococcus infection","infectious diseases"
"24","323","Encephalitis","neurological"
"25","420","Carditis","circulatory system"
"26","420.2","Pericarditis","circulatory system"
"27","420.3","Endocarditis","circulatory system"
"28","038","Septicemia","infectious diseases"
"29","657","Infections specific to the perinatal period","pregnancy complications"
"30","041.1","Staphylococcus infections","infectious diseases"
"31","041.11","Methicillin sensitive Staphylococcus aureus","infectious diseases"
"32","041.12","Methicillin resistant Staphylococcus aureus","infectious diseases"
"33","041.4","E. coli","infectious diseases"
"34","041.8","H. pylori","infectious diseases"
"35","071.1","HIV infection, symptomatic","infectious diseases"
"36","071","Human immunodeficiency virus [HIV] disease","infectious diseases"
"37","324","Other CNS infection and poliomyelitis","neurological"
"38","324.1","Jakob-Creutzfeldt disease","neurological"
"39","079","Viral infection","infectious diseases"
"40","079.1","Varicella infection","infectious diseases"
"41","480.2","Viral pneumonia","respiratory"
"42","053","Herpes zoster","infectious diseases"
"43","053.1","Herpes zoster with nervous system complications","infectious diseases"
"44","369.2","Eye infection, viral","sense organs"
"45","054","Herpes simplex","infectious diseases"
"46","381.1","Otitis media","sense organs"
"47","070","Viral hepatitis","infectious diseases"
"48","070.1","Viral hepatitis A","infectious diseases"
"49","070.2","Viral hepatitis B","infectious diseases"
"50","070.3","Viral hepatitis C","infectious diseases"
"51","079.2","Infectious mononucleosis","infectious diseases"
"52","078","Viral warts & HPV","infectious diseases"
"53","136","Other infectious and parasitic diseases","infectious diseases"
"54","133","Arthropod-borne diseases","infectious diseases"
"55","130","Spirochetal infection","infectious diseases"
"56","130.1","Lyme disease","infectious diseases"
"57","090","Sexually transmitted infections (not HIV or hepatitis)","infectious diseases"
"58","090.2","Gonococcal infections","infectious diseases"
"59","711.2","Reiter's disease","musculoskeletal"
"60","090.3","Venereal diseases due to Chlamydia trachomatis","infectious diseases"
"61","110","Dermatophytosis / Dermatomycosis","infectious diseases"
"62","110.1","Dermatophytosis","infectious diseases"
"63","110.11","Dermatophytosis of nail","infectious diseases"
"64","110.13","Dermatophytosis of the body","infectious diseases"
"65","110.12","Althete's foot","infectious diseases"
"66","110.2","Dermatomycoses","infectious diseases"
"67","112","Candidiasis","infectious diseases"
"68","112.3","Candidiasis of skin and nails","infectious diseases"
"69","480.3","Pneumonia due to fungus (mycoses)","respiratory"
"70","117.2","Coccidioidomycosis","infectious diseases"
"71","117.1","Histoplasmosis","infectious diseases"
"72","117.3","Blastomycotic infection","infectious diseases"
"73","117","Mycoses","infectious diseases"
"74","117.4","Aspergillosis","infectious diseases"
"75","134","Helminthiases","infectious diseases"
"76","134.1","Intestinal helminthiases","infectious diseases"
"77","131","Protozoan infection","infectious diseases"
"78","480","Pneumonia","respiratory"
"79","132.1","Pediculosis and phthirus infestation","infectious diseases"
"80","132","Infestation (lice, mites)","infectious diseases"
"81","697","Sarcoidosis","dermatologic"
"82","711.3","Behcet's syndrome","musculoskeletal"
"83","145.1","Cancer of lip","neoplasms"
"84","145.2","Cancer of tongue","neoplasms"
"85","145.3","Cancer of major salivary glands","neoplasms"
"86","145.4","Cancer of the gums","neoplasms"
"87","145.5","Cancer of the mouth floor","neoplasms"
"88","145","Cancer of mouth","neoplasms"
"89","149.1","Cancer of oropharynx","neoplasms"
"90","149.2","Cancer of nasopharynx","neoplasms"
"91","149.3","Cancer of hypopharynx","neoplasms"
"92","149","Cancer of larynx, pharynx, nasal cavities","neoplasms"
"93","150","Cancer of esophagus","neoplasms"
"94","151","Cancer of stomach","neoplasms"
"95","159.2","Malignant neoplasm of small intestine, including duodenum","neoplasms"
"96","153.2","Colon cancer","neoplasms"
"97","153.3","Malignant neoplasm of rectum, rectosigmoid junction, and anus","neoplasms"
"98","153","Colorectal cancer","neoplasms"
"99","155","Cancer of liver and intrahepatic bile duct","neoplasms"
"100","155.1","Malignant neoplasm of liver, primary","neoplasms"
"101","159.3","Malignant neoplasm of gallbladder and extrahepatic bile ducts","neoplasms"
"102","157","Pancreatic cancer","neoplasms"
"103","159.4","Malignant neoplasm of retroperitoneum and peritoneum","neoplasms"
"104","159","Malignant neoplasm of other and ill-defined sites within the digestive organs and peritoneum","neoplasms"
"105","149.9","Cancer of of nasal cavities","neoplasms"
"106","149.4","Cancer of larynx","neoplasms"
"107","165.1","Cancer of bronchus; lung","neoplasms"
"108","165","Cancer within the respiratory system","neoplasms"
"109","164","Cancer of intrathoracic organs","neoplasms"
"110","170","Cancer of bone and connective tissue","neoplasms"
"111","170.1","Bone cancer","neoplasms"
"112","170.2","Cancer of connective tissue","neoplasms"
"113","172.11","Melanomas of skin","neoplasms"
"114","172.2","Other non-epithelial cancer of skin","neoplasms"
"115","172.21","Basal cell carcinoma","neoplasms"
"116","172.22","Squamous cell carcinoma","neoplasms"
"117","174.11","Malignant neoplasm of female breast","neoplasms"
"118","174.2","Breast cancer [male]","neoplasms"
"119","230","Kaposi's sarcoma","neoplasms"
"120","182","Malignant neoplasm of uterus","neoplasms"
"121","180","Cervical cancer and dysplasia","neoplasms"
"122","180.1","Cervical cancer","neoplasms"
"123","184.1","Malignant neoplasm of ovary and other uterine adnexa","neoplasms"
"124","184.11","Malignant neoplasm of ovary","neoplasms"
"125","184.2","Cancer of other female genital organs (excluding uterus and ovary)","neoplasms"
"126","185","Cancer of prostate","neoplasms"
"127","187.2","Malignant neoplasm of testis","neoplasms"
"128","187","Cancer of other male genital organs","neoplasms"
"129","187.1","Malignant neoplasm of unspecified male genital organ","neoplasms"
"130","189.21","Malignant neoplasm of bladder","neoplasms"
"131","189.4","Malignant neoplasm of other urinary organs","neoplasms"
"132","189.11","Malignant neoplasm of kidney, except pelvis","neoplasms"
"133","189.12","Malignant neoplasm of renal pelvis","neoplasms"
"134","190","Cancer of eye","neoplasms"
"135","191.11","Cancer of brain","neoplasms"
"136","191.1","Cancer of brain and nervous system","neoplasms"
"137","193","Thyroid cancer","neoplasms"
"138","194","Cancer of other endocrine glands","neoplasms"
"139","195.1","Malignant neoplasm, other","neoplasms"
"140","198.1","Secondary malignancy of lymph nodes","neoplasms"
"141","198","Secondary malignant neoplasm","neoplasms"
"142","198.2","Secondary malignancy of respiratory organs","neoplasms"
"143","198.3","Secondary malignant neoplasm of digestive systems","neoplasms"
"144","198.4","Secondary malignant neoplasm of liver","neoplasms"
"145","198.7","Secondary malignant neoplasm of skin","neoplasms"
"146","198.5","Secondary malignancy of brain/spine","neoplasms"
"147","198.6","Secondary malignancy of bone","neoplasms"
"148","851","Complications of transplants and reattached limbs","injuries & poisonings"
"149","202.2","Non-Hodgkins lymphoma","neoplasms"
"150","202.22","Reticulosarcoma","neoplasms"
"151","202.23","Lymphosarcoma","neoplasms"
"152","202.24","Large cell lymphoma","neoplasms"
"153","201","Hodgkin's disease","neoplasms"
"154","202","Cancer of other lymphoid, histiocytic tissue","neoplasms"
"155","202.21","Nodular lymphoma","neoplasms"
"156","204","Leukemia","neoplasms"
"157","204.4","Multiple myeloma","neoplasms"
"158","204.1","Lymphoid leukemia","neoplasms"
"159","204.11","Lymphoid leukemia, acute","neoplasms"
"160","204.12","Lymphoid leukemia, chronic","neoplasms"
"161","204.2","Myeloid leukemia","neoplasms"
"162","204.21","Myeloid leukemia, acute","neoplasms"
"163","204.22","Myeloid leukemia, chronic","neoplasms"
"164","204.3","Monocytic leukemia","neoplasms"
"165","199","Neoplasm of uncertain behavior","neoplasms"
"166","195","Cancer, suspected or other","neoplasms"
"167","189.1","Cancer of kidney and renal pelvis","neoplasms"
"168","209","Neuroendocrine tumors","neoplasms"
"169","208","Benign neoplasm of colon","neoplasms"
"170","210","Benign neoplasm of lip, oral cavity, and pharynx","neoplasms"
"171","211","Benign neoplasm of other parts of digestive system","neoplasms"
"172","212","Benign neoplasm of respiratory and intrathoracic organs","neoplasms"
"173","213","Benign neoplasm of bone and articular cartilage","neoplasms"
"174","214","Lipoma","neoplasms"
"175","214.1","Lipoma of skin and subcutaneous tissue","neoplasms"
"176","215","Other benign neoplasm of connective and other soft tissue","neoplasms"
"177","216","Benign neoplasm of skin","neoplasms"
"178","610.4","Benign neoplasm of breast","genitourinary"
"179","218.1","Uterine leiomyoma","neoplasms"
"180","218","Benign neoplasm of uterus","neoplasms"
"181","218.2","Other benign neoplasm of uterus","neoplasms"
"182","220","Benign neoplasm of ovary","neoplasms"
"183","221","Benign neoplasm of other female genital organs","neoplasms"
"184","222","Benign neoplasm of male genital organs","neoplasms"
"185","223","Benign neoplasm of kidney and other urinary organs","neoplasms"
"186","224","Benign neoplasm of eye","neoplasms"
"187","224.1","Benign neoplasm of eye, uveal","neoplasms"
"188","225","Benign neoplasm of brain and other parts of nervous system","neoplasms"
"189","225.1","Benign neoplasm of brain, cranial nerves, meninges","neoplasms"
"190","225.2","Benign neoplasm of spinal cord, meninges","neoplasms"
"191","226","Benign neoplasm of thyroid glands","neoplasms"
"192","227","Benign neoplasm of other endocrine glands and related structures","neoplasms"
"193","227.1","Benign neoplasm of adrenal gland","neoplasms"
"194","227.2","Benign neoplasm of parathyroid gland","neoplasms"
"195","227.3","Benign neoplasm of pituitary gland and craniopharyngeal duct (pouch)","neoplasms"
"196","228","Hemangioma and lymphangioma, any site","neoplasms"
"197","228.1","Hemangioma of skin and subcutaneous tissue","neoplasms"
"198","229","Benign neoplasm of unspecified sites","neoplasms"
"199","229.1","Benign neoplasm of lymph nodes","neoplasms"
"200","172","Skin cancer","neoplasms"
"201","172.3","Carcinoma in situ of skin","neoplasms"
"202","174","Breast cancer","neoplasms"
"203","174.1","Breast cancer [female]","neoplasms"
"204","180.3","Cervical intraepithelial neoplasia [CIN] [Cervical dysplasia]","neoplasms"
"205","189.2","Cancer of bladder","neoplasms"
"206","189","Cancer of urinary organs (incl. kidney and bladder)","neoplasms"
"207","158","Neoplasm of unspecified nature of digestive system","neoplasms"
"208","184","Cancer of other female genital organs","neoplasms"
"209","187.8","Neoplasm of uncertain behavior of male genital organs","neoplasms"
"210","191","Manlignant and unknown neoplasms of brain and nervous system","neoplasms"
"211","199.4","Neurofibromatosis","neoplasms"
"212","173","Neoplasm of uncertain behavior of skin","neoplasms"
"213","174.3","Neoplasm of uncertain behavior of breast","neoplasms"
"214","200.1","Polycythemia vera","neoplasms"
"215","200","Myeloproliferative disease","neoplasms"
"216","240","Simple and unspecified goiter","endocrine/metabolic"
"217","241","Nontoxic nodular goiter","endocrine/metabolic"
"218","241.1","Nontoxic uninodular goiter","endocrine/metabolic"
"219","241.2","Nontoxic multinodular goiter","endocrine/metabolic"
"220","242","Thyrotoxicosis with or without goiter","endocrine/metabolic"
"221","242.1","Graves' disease","endocrine/metabolic"
"222","242.2","Toxic multinodular goiter","endocrine/metabolic"
"223","244.5","Congenital hypothyroidism","endocrine/metabolic"
"224","244","Hypothyroidism","endocrine/metabolic"
"225","244.1","Secondary hypothyroidism","endocrine/metabolic"
"226","244.3","Iodine hypothyroidism","endocrine/metabolic"
"227","244.2","Acquired hypothyroidism","endocrine/metabolic"
"228","244.4","Hypothyroidism NOS","endocrine/metabolic"
"229","245","Thyroiditis","endocrine/metabolic"
"230","245.1","Thyroiditis, acute and subacute","endocrine/metabolic"
"231","245.21","Chronic lymphocytic thyroiditis","endocrine/metabolic"
"232","245.2","Chronic thyroiditis","endocrine/metabolic"
"233","246","Other disorders of thyroid","endocrine/metabolic"
"234","246.2","Thyroid cyst","endocrine/metabolic"
"235","249","Secondary diabetes mellitus","endocrine/metabolic"
"236","250","Diabetes mellitus","endocrine/metabolic"
"237","250.2","Type 2 diabetes","endocrine/metabolic"
"238","250.1","Type 1 diabetes","endocrine/metabolic"
"239","250.21","Type 2 diabetes with ketoacidosis","endocrine/metabolic"
"240","250.11","Type 1 diabetes with ketoacidosis","endocrine/metabolic"
"241","250.22","Type 2 diabetes with renal manifestations","endocrine/metabolic"
"242","250.12","Type 1 diabetes with renal manifestations","endocrine/metabolic"
"243","250.23","Type 2 diabetes with ophthalmic manifestations","endocrine/metabolic"
"244","250.13","Type 1 diabetes with ophthalmic manifestations","endocrine/metabolic"
"245","250.24","Type 2 diabetes with neurological manifestations","endocrine/metabolic"
"246","250.14","Type 1 diabetes with neurological manifestations","endocrine/metabolic"
"247","250.25","Diabetes type 2 with peripheral circulatory disorders","endocrine/metabolic"
"248","250.15","Diabetes type 1 with peripheral circulatory disorders","endocrine/metabolic"
"249","251","Other disorders of pancreatic internal secretion","endocrine/metabolic"
"250","251.1","Hypoglycemia","endocrine/metabolic"
"251","258","Iatrogenic endocrine disorders","endocrine/metabolic"
"252","251.8","Abnormality of secretion of glucagon or gastrin","endocrine/metabolic"
"253","252","Disorders of parathyroid gland","endocrine/metabolic"
"254","252.1","Hyperparathyroidism","endocrine/metabolic"
"255","252.2","Hypoparathyroidism","endocrine/metabolic"
"256","253","Disorders of the pituitary gland and its hypothalamic control","endocrine/metabolic"
"257","253.11","Acromegaly and gigantism","endocrine/metabolic"
"258","253.1","Pituitary hyperfunction","endocrine/metabolic"
"259","253.2","Pituitary hypofunction","endocrine/metabolic"
"260","253.5","Pituitary dwarfism","endocrine/metabolic"
"261","253.4","Anterior pituitary disorders","endocrine/metabolic"
"262","253.3","Diabetes insipidus","endocrine/metabolic"
"263","253.7","Other disorders of neurohypophysis","endocrine/metabolic"
"264","254","Diseases of thymus gland","endocrine/metabolic"
"265","255","Disorders of adrenal glands","endocrine/metabolic"
"266","255.11","Cushing's syndrome","endocrine/metabolic"
"267","255.12","Hyperaldosteronism","endocrine/metabolic"
"268","255.3","Adrenogenital disorders","endocrine/metabolic"
"269","255.1","Adrenal hyperfunction","endocrine/metabolic"
"270","255.2","Adrenal hypofunction","endocrine/metabolic"
"271","255.21","Glucocorticoid deficiency","endocrine/metabolic"
"272","255.22","Mineralocorticoid deficiency","endocrine/metabolic"
"273","255.13","Medulloadrenal hyperfunction","endocrine/metabolic"
"274","256","Ovarian dysfunction","endocrine/metabolic"
"275","256.1","Hyperestrogenism","endocrine/metabolic"
"276","258.1","Postablative ovarian failure","endocrine/metabolic"
"277","627.5","Premature menopause and other ovarian failure","genitourinary"
"278","256.4","Polycystic ovaries","endocrine/metabolic"
"279","257","Testicular dysfunction","endocrine/metabolic"
"280","257.1","Testicular hypofunction","endocrine/metabolic"
"281","259","Other endocrine disorders","endocrine/metabolic"
"282","259.8","Polyglandular activity in multiple endocrine adenomatosis","endocrine/metabolic"
"283","259.3","Delay in sexual development and puberty NEC","endocrine/metabolic"
"284","259.4","Precocious sexual development and puberty NEC","endocrine/metabolic"
"285","259.2","Carcinoid syndrome","endocrine/metabolic"
"286","260.21","Kwashiorkor","endocrine/metabolic"
"287","260.22","Nutritional marasmus","endocrine/metabolic"
"288","260.2","severe protein-calorie malnutrition","endocrine/metabolic"
"289","260","Protein-calorie malnutrition","endocrine/metabolic"
"290","261","Vitamin deficiency","endocrine/metabolic"
"291","261.1","Vitamin A deficiency","endocrine/metabolic"
"292","261.2","Vitamin B-complex deficiencies","endocrine/metabolic"
"293","261.3","Vitamin C deficiencies","endocrine/metabolic"
"294","261.4","Vitamin D deficiency","endocrine/metabolic"
"295","261.41","Rickets or osteomalacia","endocrine/metabolic"
"296","263","Other nutritional deficiency","endocrine/metabolic"
"297","262","Mineral deficiency NEC","endocrine/metabolic"
"298","270","Disorders of protein plasma/amino-acid transport and metabolism","endocrine/metabolic"
"299","270.1","Disturbances of amino-acid transport","endocrine/metabolic"
"300","270.12","Phenylketonuria [PKU]","endocrine/metabolic"
"301","270.11","Disturbances of sulphur-bearing amino-acid metabolism","endocrine/metabolic"
"302","270.2","Disorders of amino-acid metabolism","endocrine/metabolic"
"303","270.21","Disorders of urea cycle metabolism","endocrine/metabolic"
"304","271","Disorders of carbohydrate transport and metabolism","endocrine/metabolic"
"305","271.9","Other disorders of carbohydrate transport and metabolism","endocrine/metabolic"
"306","271.3","Intestinal disaccharidase deficiencies and disaccharide malabsorption","endocrine/metabolic"
"307","272","Disorders of lipoid metabolism","endocrine/metabolic"
"308","272.11","Hypercholesterolemia","endocrine/metabolic"
"309","272.12","Hyperglyceridemia","endocrine/metabolic"
"310","272.13","Mixed hyperlipidemia","endocrine/metabolic"
"311","272.14","Hyperchylomicronemia","endocrine/metabolic"
"312","272.1","Hyperlipidemia","endocrine/metabolic"
"313","277.51","Lipoprotein disorders","endocrine/metabolic"
"314","277.5","Other disorders of lipoid metabolism","endocrine/metabolic"
"315","272.9","Unspecified disorder of lipoid metabolism","endocrine/metabolic"
"316","270.3","Disorders of plasma protein metabolism","endocrine/metabolic"
"317","270.31","Polyclonal hypergammaglobulinemia","endocrine/metabolic"
"318","270.32","Paraproteinemia","endocrine/metabolic"
"319","270.35","Macroglobulinemia","endocrine/metabolic"
"320","270.34","Alpha-1-antitrypsin deficiency","endocrine/metabolic"
"321","270.38","Other specified disorders of plasma protein metabolism","endocrine/metabolic"
"322","274.1","Gout","endocrine/metabolic"
"323","274.11","Gouty arthropathy","endocrine/metabolic"
"324","275","Disorders of mineral metabolism","endocrine/metabolic"
"325","275.1","Disorders of iron metabolism","hematopoietic"
"326","275.11","Hereditary hemochromatosis","hematopoietic"
"327","275.2","Disorders of copper metabolism","endocrine/metabolic"
"328","275.3","Disorders of magnesium metabolism","endocrine/metabolic"
"329","275.53","Disorders of phosphorus metabolism","endocrine/metabolic"
"330","275.5","Disorders of calcium/phosphorus metabolism","endocrine/metabolic"
"331","275.51","Hypocalcemia","endocrine/metabolic"
"332","275.6","Hypercalcemia","endocrine/metabolic"
"333","276","Disorders of fluid, electrolyte, and acid-base balance","endocrine/metabolic"
"334","276.11","Hyperosmolality and/or hypernatremia","endocrine/metabolic"
"335","276.12","Hyposmolality and/or hyponatremia","endocrine/metabolic"
"336","276.41","Acidosis","endocrine/metabolic"
"337","276.42","Alkalosis","endocrine/metabolic"
"338","276.4","Acid-base balance disorder","endocrine/metabolic"
"339","276.5","Hypovolemia","endocrine/metabolic"
"340","276.6","Fluid overload","endocrine/metabolic"
"341","942","Infusion and transfusion reaction","injuries & poisonings"
"342","276.13","Hyperpotassemia","endocrine/metabolic"
"343","276.14","Hypopotassemia","endocrine/metabolic"
"344","276.1","Electrolyte imbalance","endocrine/metabolic"
"345","277","Other disorders of metabolism","endocrine/metabolic"
"346","499","Cystic fibrosis","respiratory"
"347","277.1","Disorders of porphyrin metabolism","endocrine/metabolic"
"348","277.2","Other disorders of purine and pyrimidine metabolism","endocrine/metabolic"
"349","270.33","Amyloidosis","endocrine/metabolic"
"350","277.4","Disorders of bilirubin excretion","endocrine/metabolic"
"351","277.6","Other deficiencies of circulating enzymes","endocrine/metabolic"
"352","277.7","Dysmetabolic syndrome X","endocrine/metabolic"
"353","277.8","Carnitine deficiencies","endocrine/metabolic"
"354","278","Overweight, obesity and other hyperalimentation","endocrine/metabolic"
"355","278.1","Obesity","endocrine/metabolic"
"356","278.11","Morbid obesity","endocrine/metabolic"
"357","513.3","Hypoventilation","respiratory"
"358","278.3","Localized adiposity","endocrine/metabolic"
"359","279","Disorders involving the immune mechanism","endocrine/metabolic"
"360","279.11","Deficiency of humoral immunity","endocrine/metabolic"
"361","279.1","Immunity deficiency","endocrine/metabolic"
"362","279.2","Autoimmune disease NEC","endocrine/metabolic"
"363","081.1","Graft-versus-host disease","infectious diseases"
"364","081.11","Acute graft-versus-host disease","infectious diseases"
"365","081.12","Chronic graft-versus-host disease","infectious diseases"
"366","279.8","Other specified disorders involving the immune mechanism","endocrine/metabolic"
"367","280","Iron deficiency anemias","hematopoietic"
"368","280.2","Iron deficiency anemia secondary to blood loss (chronic)","hematopoietic"
"369","280.1","Iron deficiency anemias, unspecified or not due to blood loss","hematopoietic"
"370","281","Other deficiency anemia","hematopoietic"
"371","281.11","Pernicious anemia","hematopoietic"
"372","281.12","Other vitamin B12 deficiency anemia","hematopoietic"
"373","281.13","Folate-deficiency anemia","hematopoietic"
"374","281.1","Megaloblastic anemia","hematopoietic"
"375","281.9","Deficiency anemias","hematopoietic"
"376","282","Hereditary hemolytic anemias","hematopoietic"
"377","282.9","Other hereditary hemolytic anemias","hematopoietic"
"378","282.8","Other hemoglobinopathies","hematopoietic"
"379","282.5","Sickle cell anemia","hematopoietic"
"380","283","Acquired hemolytic anemias","hematopoietic"
"381","283.1","Autoimmune hemolytic anemias","hematopoietic"
"382","283.2","Non-autoimmune hemolytic anemias","hematopoietic"
"383","283.21","Hemolytic-uremic syndrome","hematopoietic"
"384","285.8","Hemoglobinuria","hematopoietic"
"385","284","Aplastic anemia","hematopoietic"
"386","284.2","Constitutional aplastic anemia","hematopoietic"
"387","284.1","Pancytopenia","hematopoietic"
"388","285","Other anemias","hematopoietic"
"389","285.3","Sideroblastic anemia","hematopoietic"
"390","285.1","Acute posthemorrhagic anemia","hematopoietic"
"391","285.2","Anemia of chronic disease","hematopoietic"
"392","285.21","Anemia in chronic kidney disease","hematopoietic"
"393","285.22","Anemia in neoplastic disease","hematopoietic"
"394","286","Coagulation defects","hematopoietic"
"395","286.13","Congenital factor VIII disorder","hematopoietic"
"396","286.1","Congenital coagulation defects","hematopoietic"
"397","286.12","Congenital deficiency of other clotting factors (including factor VII)","hematopoietic"
"398","286.11","Von willebrand's disease","hematopoietic"
"399","286.5","Hemorrhagic disorder due to intrinsic circulating anticoagulants","hematopoietic"
"400","286.6","Defibrination syndrome","hematopoietic"
"401","286.4","Acquired coagulation factor deficiency","hematopoietic"
"402","286.7","Other and unspecified coagulation defects","hematopoietic"
"403","287","Purpura and other hemorrhagic conditions","hematopoietic"
"404","287.2","Allergic purpura","hematopoietic"
"405","287.4","Qualitative platelet defects","hematopoietic"
"406","287.31","Primary thrombocytopenia","hematopoietic"
"407","287.32","Secondary thrombocytopenia","hematopoietic"
"408","287.3","Thrombocytopenia","hematopoietic"
"409","288","Diseases of white blood cells","hematopoietic"
"410","288.11","Neutropenia","hematopoietic"
"411","288.3","Eosinophilia","hematopoietic"
"412","288.1","Decreased white blood cell count","hematopoietic"
"413","288.2","Elevated white blood cell count","hematopoietic"
"414","289","Other diseases of blood and blood-forming organs","hematopoietic"
"415","289.8","Polycythemia, secondary","hematopoietic"
"416","289.4","Lymphadenitis","hematopoietic"
"417","289.5","Diseases of spleen","hematopoietic"
"418","289.9","Abnormality of red blood cells","hematopoietic"
"419","286.81","Primary hypercoagulable state","hematopoietic"
"420","286.8","Hypercoagulable state","hematopoietic"
"421","289.1","Myelofibrosis","hematopoietic"
"422","964.1","Anticoagulants causing adverse effects","injuries & poisonings"
"423","290","Delirium dementia and amnestic and other cognitive disorders","mental disorders"
"424","290.13","Senile dementia","mental disorders"
"425","290.1","Dementias","mental disorders"
"426","290.16","Vascular dementia","mental disorders"
"427","317","Alcohol-related disorders","mental disorders"
"428","290.2","Delirium due to conditions classified elsewhere","mental disorders"
"429","317.1","Alcoholism","mental disorders"
"430","316","Substance addiction and disorders","mental disorders"
"431","291","Other specified nonpsychotic and/or transient mental disorders","mental disorders"
"432","291.1","Transient mental disorders due to conditions classified elsewhere","mental disorders"
"433","295.3","Psychosis","mental disorders"
"434","296","Mood disorders","mental disorders"
"435","300.1","Anxiety disorder","mental disorders"
"436","290.3","Other persistent mental disorders due to conditions classified elsewhere","mental disorders"
"437","295","Schizophrenia and other psychotic disorders","mental disorders"
"438","295.1","Schizophrenia","mental disorders"
"439","296.1","Bipolar","mental disorders"
"440","296.22","Major depressive disorder","mental disorders"
"441","296.2","Depression","mental disorders"
"442","295.2","Paranoid disorders","mental disorders"
"443","313.3","Autism","mental disorders"
"444","300","Anxiety disorders","mental disorders"
"445","300.12","Agorophobia, social phobia, and panic disorder","mental disorders"
"446","300.11","Generalized anxiety disorder","mental disorders"
"447","303","Psychogenic and somatoform disorders","mental disorders"
"448","303.4","Somatoform disorder","mental disorders"
"449","303.1","Dissociative disorder","mental disorders"
"450","300.2","Generalized anxiety & phobic disorders","mental disorders"
"451","300.13","Phobia","mental disorders"
"452","300.3","Obsessive-compulsive disorders","mental disorders"
"453","300.4","Dysthymic disorder","mental disorders"
"454","301","Personality disorders","mental disorders"
"455","301.1","Schizoid personality disorder","mental disorders"
"456","301.2","Antisocial/borderline personality disorder","mental disorders"
"457","302","Sexual and gender identity disorders","mental disorders"
"458","302.1","Decreased libido","mental disorders"
"459","605","Erectile dysfunction [ED]","genitourinary"
"460","318","Tobacco use disorder","mental disorders"
"461","303.3","Psychogenic disorder","mental disorders"
"462","303.31","Gastrointestinal malfunction arising from mental factors","mental disorders"
"463","306","Other mental disorder","mental disorders"
"464","313.2","Tics and stuttering","mental disorders"
"465","305.21","Anorexia nervosa","mental disorders"
"466","327","Sleep disorders","neurological"
"467","327.4","Insomnia","neurological"
"468","327.41","Organic or persistent insomnia","neurological"
"469","327.1","Hypersomnia","neurological"
"470","327.6","Circadian rhythm sleep disorder","neurological"
"471","327.5","Parasomnia","neurological"
"472","305.2","Eating disorder","mental disorders"
"473","313","Pervasive developmental disorders","mental disorders"
"474","306.9","Tension headache","mental disorders"
"475","315","Develomental delays and disorders","mental disorders"
"476","300.8","Acute reaction to stress","mental disorders"
"477","304","Adjustment reaction","mental disorders"
"478","300.9","Posttraumatic stress disorder","mental disorders"
"479","291.4","Specific nonpsychotic mental disorders due to brain damage","mental disorders"
"480","312","Conduct disorders","mental disorders"
"481","312.3","Impulse control disorder","mental disorders"
"482","313.1","Attention deficit hyperactivity disorder","mental disorders"
"483","315.1","Learning disorder","mental disorders"
"484","315.2","Speech and language disorder","mental disorders"
"485","315.3","Mental retardation","mental disorders"
"486","323.8","Encephalitis, non-infectious","neurological"
"487","325","Phlebitis and thrombophlebitis of intracranial venous sinuses","neurological"
"488","327.3","Sleep apnea","neurological"
"489","327.31","Central/nonobstroctive sleep apnea","neurological"
"490","327.32","Obstructive sleep apnea","neurological"
"491","327.7","Sleep related movement disorders","neurological"
"492","327.72","Sleep related leg cramps","neurological"
"493","331","Other cerebral degenerations","neurological"
"494","290.11","Alzheimer's disease","mental disorders"
"495","290.12","Dementia with cerebral degenerations","mental disorders"
"496","331.1","Hydrocephalus","neurological"
"497","292.2","Mild cognitive impairment","mental disorders"
"498","331.9","Cerebral degeneration, unspecified","neurological"
"499","332","Parkinson's disease","neurological"
"500","349","Other and unspecified disorders of the nervous system","neurological"
"501","333","Extrapyramidal disease and abnormal movement disorders","neurological"
"502","333.8","Other degenerative diseases of the basal ganglia","neurological"
"503","333.1","Essential tremor","neurological"
"504","333.2","Myoclonus","neurological"
"505","333.3","Tics and choreas","neurological"
"506","333.4","Torsion dystonia","neurological"
"507","327.71","Restless legs syndrome","neurological"
"508","334.1","Spinocerebellar disease","neurological"
"509","334.2","Anterior horn cell disease","neurological"
"510","334.21","Amyotrophic Lateral Sclerosis","neurological"
"511","334","Degenerative disease of the spinal cord","neurological"
"512","337","Disorders of the autonomic nervous system","neurological"
"513","337.1","Peripheral autonomic neuropathy","neurological"
"514","355","Complex regional/central pain syndrome","neurological"
"515","338","Pain","neurological"
"516","338.1","Acute pain","neurological"
"517","338.2","Chronic pain","neurological"
"518","355.1","Chronic pain syndrome","neurological"
"519","339","Other headache syndromes","neurological"
"520","340","Migraine","neurological"
"521","335","Multiple sclerosis","neurological"
"522","341","Other demyelinating diseases of central nervous system","neurological"
"523","323.2","Acute (transverse) myelitis","neurological"
"524","342","Hemiplegia","neurological"
"525","343","Infantile cerebral palsy","neurological"
"526","344","Other paralytic syndromes","neurological"
"527","345","Epilepsy, recurrent seizures, convulsions","neurological"
"528","345.1","Epilepsy","neurological"
"529","345.11","Generalized convulsive epilepsy","neurological"
"530","345.12","Partial epilepsy","neurological"
"531","340.1","Migrain with aura","neurological"
"532","433.6","Acute, but ill-defined cerebrovascular disease","circulatory system"
"533","347","Cataplexy and narcolepsy","neurological"
"534","348","Other conditions of brain","neurological"
"535","348.4","Cerebral cysts","neurological"
"536","348.2","Cerebral edema and compression of brain","neurological"
"537","348.8","Encephalopathy, not elsewhere classified","neurological"
"538","348.9","Other conditions of brain, NOS","neurological"
"539","967","Adverse effects of sedatives or other central nervous system depressants and anesthetics","injuries & poisonings"
"540","352.1","Trigeminal nerve disorders [CN5]","neurological"
"541","352.2","Facial nerve disorders [CN7]","neurological"
"542","352","Disorders of other cranial nerves","neurological"
"543","353","Nerve root and plexus disorders","neurological"
"544","353.1","Nerve plexus lesions","neurological"
"545","353.2","Nerve root lesions","neurological"
"546","351","Other peripheral nerve disorders","neurological"
"547","356","Hereditary and idiopathic peripheral neuropathy","neurological"
"548","357","Inflammatory and toxic neuropathy","neurological"
"549","250.6","Polyneuropathy in diabetes","endocrine/metabolic"
"550","316.1","Polyneuropathy due to drugs","mental disorders"
"551","358","Myoneural disorders","neurological"
"552","358.1","Myasthenia gravis","neurological"
"553","359","Muscular dystrophies and other myopathies","neurological"
"554","359.1","Muscular dystrophies","neurological"
"555","359.2","Myopathy","neurological"
"556","360","Disorders of the globe","sense organs"
"557","371","Inflammation of the eye","sense organs"
"558","371.1","Uveitis, noninfectious or NOS","sense organs"
"559","360.2","Progressive myopia","sense organs"
"560","360.3","Hypotony of eye","sense organs"
"561","361","Retinal detachments and defects","sense organs"
"562","361.1","Retinal detachment with retinal defect","sense organs"
"563","361.2","Retinoschisis and retinal cysts","sense organs"
"564","362","Other retinal disorders","sense organs"
"565","250.7","Diabetic retinopathy","endocrine/metabolic"
"566","362.4","Retinal vascular changes and abnomalities","sense organs"
"567","362.3","Other nondiabetic retinopathy","sense organs"
"568","362.1","Retinopathy of prematurity","sense organs"
"569","362.31","Separation of retinal layers","sense organs"
"570","362.2","Degeneration of macula and posterior pole of retina","sense organs"
"571","362.29","Macular degeneration (senile) of retina NOS","sense organs"
"572","362.21","Macular degeneration, dry","sense organs"
"573","362.22","Macular degeneration, wet","sense organs"
"574","362.23","Cystoid macular degeneration of retina","sense organs"
"575","362.5","Toxic maculopathy of retina","sense organs"
"576","362.26","Macular puckering of retina","sense organs"
"577","362.27","Drusen (degenerative) of retina","sense organs"
"578","362.6","Peripheral retinal degenerations","sense organs"
"579","362.7","Hereditary retinal dystrophies","sense organs"
"580","362.8","Retinal hemorrhage/ischemia","sense organs"
"581","362.9","Retinal edema","sense organs"
"582","363","Chorioretinal inflammations, scars, and other disorders of choroid","sense organs"
"583","363.3","Chorioretinal scars","sense organs"
"584","363.4","Choroidal degenerations","sense organs"
"585","379.5","Disorders of iris and ciliary body","sense organs"
"586","379.51","Pigmentary iris degeneration","sense organs"
"587","365","Glaucoma","sense organs"
"588","365.1","Open-angle glaucoma","sense organs"
"589","365.2","Primary angle-closure glaucoma","sense organs"
"590","365.11","Primary open angle glaucoma","sense organs"
"591","365.5","Pseudoexfoliation glaucoma","sense organs"
"592","366","Cataract","sense organs"
"593","366.1","Nonsenile Cataract","sense organs"
"594","366.2","Senile cataract","sense organs"
"595","366.3","Traumatic cataract","sense organs"
"596","367","Disorders of refraction and accommodation; blindness and low vision","sense organs"
"597","367.8","Hypermetropia","sense organs"
"598","367.1","Myopia","sense organs"
"599","367.2","Astigmatism","sense organs"
"600","368.3","Anisometropia","sense organs"
"601","368.7","Disorders of accommodation","sense organs"
"602","368","Visual disturbances","sense organs"
"603","368.1","Amblyopia","sense organs"
"604","368.9","Subjective visual disturbances","sense organs"
"605","368.91","Psychophysical visual disturbances","sense organs"
"606","368.2","Diplopia and disorders of binocular vision","sense organs"
"607","368.4","Visual field defects","sense organs"
"608","368.5","Color vision deficiencies","sense organs"
"609","367.9","Blindness and low vision","sense organs"
"610","370","Keratitis","sense organs"
"611","370.1","Corneal ulcer","sense organs"
"612","370.2","Superficial keratitis","sense organs"
"613","370.3","Keratoconjunctivitis","sense organs"
"614","371.21","Allergic conjunctivitis","sense organs"
"615","370.31","Keratoconjunctivitis sicca","sense organs"
"616","364","Corneal opacity and other disorders of cornea","sense organs"
"617","364.1","Corneal opacity","sense organs"
"618","364.2","Corneal edema","sense organs"
"619","364.4","Corneal degenerations","sense organs"
"620","364.5","Corneal dystrophy","sense organs"
"621","364.51","Fuchs' dystrophy","sense organs"
"622","364.41","Keratoconus","sense organs"
"623","369.5","Conjunctivitis, infectious","sense organs"
"624","371.2","Conjunctivitis, noninfectious","sense organs"
"625","372","Disorders of conjunctiva","sense organs"
"626","371.3","Inflammation of eyelids","sense organs"
"627","371.33","Noninfectious dermatoses of eyelid","sense organs"
"628","939.1","Contact and allergic dermatitis of eyelid","dermatologic"
"629","695.4","Lupus (localized and systemic)","dermatologic"
"630","374","Other disorders of eyelids","sense organs"
"631","374.1","Ectropion or entropion","sense organs"
"632","374.2","Lagophthalmos","sense organs"
"633","374.3","Ptosis of eyelid","sense organs"
"634","374.6","Dermatochalasis","sense organs"
"635","375","Disorders of lacrimal system","sense organs"
"636","379","Other disorders of eye","sense organs"
"637","375.1","Dry eyes","sense organs"
"638","375.2","Epiphora","sense organs"
"639","376","Disorders of the orbit","sense organs"
"640","371.9","Chronic inflammatory disorders of orbit","sense organs"
"641","242.3","Exophthalmos","endocrine/metabolic"
"642","242.31","Thyrotoxic exophthalmos","endocrine/metabolic"
"643","377","Disorders of optic nerve and visual pathways","sense organs"
"644","377.1","Optic atrophy","sense organs"
"645","377.3","Optic neuritis/neuropathy","sense organs"
"646","378","Strabismus and other disorders of binocular eye movements","sense organs"
"647","378.1","Strabismus (not specified as paralytic)","sense organs"
"648","378.5","Paralytic strabismus","sense organs"
"649","379.1","Scleritis and episcleritis","sense organs"
"650","379.2","Disorders of vitreous body","sense organs"
"651","379.3","Aphakia and other disorders of lens","sense organs"
"652","379.4","Anomalies of pupillary function","sense organs"
"653","378.2","Nystagmus and other irregular eye movements","sense organs"
"654","379.9","Pain, swelling or discharge of eye","sense organs"
"655","380","Disorders of external ear","sense organs"
"656","380.1","Otitis externa","sense organs"
"657","385.3","Cholesteatoma","sense organs"
"658","380.4","Impacted cerumen","sense organs"
"659","381","Otitis media and Eustachian tube disorders","sense organs"
"660","381.2","Eustachian tube disorders","sense organs"
"661","381.11","Suppurative and unspecified otitis media","sense organs"
"662","381.3","Mastoiditis & related conditions","sense organs"
"663","384","Other disorders of tympanic membrane","sense organs"
"664","384.1","Myringitis","sense organs"
"665","384.4","Perforation of tympanic membrane","sense organs"
"666","385","Other disorders of middle ear and mastoid","sense organs"
"667","385.5","Tympanosclerosis and middle ear disease related to otitis media","sense organs"
"668","386","Vertiginous syndromes and other disorders of vestibular system","sense organs"
"669","386.1","Meniere's disease","sense organs"
"670","386.2","Peripheral or central vertigo","sense organs"
"671","386.21","Central origin vertigo","sense organs"
"672","386.3","Labyrinthitis","sense organs"
"673","383","Otosclerosis","sense organs"
"674","388","Other disorders of ear","sense organs"
"675","389.3","Degenerative and vascular disorders of ear","sense organs"
"676","389","Hearing loss","sense organs"
"677","389.4","Tinnitus","sense organs"
"678","389.5","Disorders of acoustic nerve","sense organs"
"679","381.9","Otorrhea","sense organs"
"680","382","Otalgia","sense organs"
"681","389.2","Conductive hearing loss","sense organs"
"682","389.1","Sensorineural hearing loss","sense organs"
"683","041.21","Rheumatic fever / chorea","infectious diseases"
"684","420.21","Acute pericarditis","circulatory system"
"685","394.4","Acute rheumatic heart disease","circulatory system"
"686","420.22","Chronic pericarditis","circulatory system"
"687","394.2","Mitral valve disease","circulatory system"
"688","394.3","Aortic valve disease","circulatory system"
"689","394","Rheumatic disease of the heart valves","circulatory system"
"690","394.1","Mitral valve stenosis and aortic valve stenosis","circulatory system"
"691","394.7","Disease of tricuspid valve","circulatory system"
"692","428.1","Congestive heart failure (CHF) NOS","circulatory system"
"693","401.1","Essential hypertension","circulatory system"
"694","401.3","Other hypertensive complications","circulatory system"
"695","401.21","Hypertensive heart disease","circulatory system"
"696","401.22","Hypertensive chronic kidney disease","circulatory system"
"697","401.2","Hypertensive heart and/or renal disease","circulatory system"
"698","411.2","Myocardial infarction","circulatory system"
"699","411","Ischemic Heart Disease","circulatory system"
"700","411.1","Unstable angina (intermediate coronary syndrome)","circulatory system"
"701","411.9","Other acute and subacute forms of ischemic heart disease","circulatory system"
"702","411.4","Coronary atherosclerosis","circulatory system"
"703","411.3","Angina pectoris","circulatory system"
"704","411.8","Other chronic ischemic heart disease, unspecified","circulatory system"
"705","429.1","Heart transplant/surgery","circulatory system"
"706","411.41","Aneurysm and dissection of heart","circulatory system"
"707","415.1","Acute pulmonary heart disease","circulatory system"
"708","415.11","Pulmonary embolism and infarction, acute","circulatory system"
"709","452.1","Iatrogenic pulmonary embolism and infarction","circulatory system"
"710","415.2","Chronic pulmonary heart disease","circulatory system"
"711","415.21","Primary pulmonary hypertension","circulatory system"
"712","415","Pulmonary heart disease","circulatory system"
"713","395","Heart valve disorders","circulatory system"
"714","395.1","Nonrheumatic mitral valve disorders","circulatory system"
"715","395.2","Nonrheumatic aortic valve disorders","circulatory system"
"716","395.3","Nonrheumatic tricuspid valve disorders","circulatory system"
"717","395.4","Nonrheumatic pulmonary valve disorders","circulatory system"
"718","425","Cardiomyopathy","circulatory system"
"719","425.1","Primary/intrinsic cardiomyopathies","circulatory system"
"720","425.11","Hypertrophic obstructive cardiomyopathy","circulatory system"
"721","425.12","Other hypertrophic cardiomyopathy","circulatory system"
"722","425.8","Other cardiomyopathy","circulatory system"
"723","425.2","Secondary/extrinsic cardiomyopathies","circulatory system"
"724","426.8","Other cardiac conduction disorders","circulatory system"
"725","426.24","Atrioventricular block, complete","circulatory system"
"726","426.2","Atrioventricular [AV] block","circulatory system"
"727","426.21","First degree AV block","circulatory system"
"728","426.22","Mobitz II AV block","circulatory system"
"729","426.23","Second degree AV block","circulatory system"
"730","426.32","Left bundle branch block","circulatory system"
"731","426.31","Right bundle branch block","circulatory system"
"732","426.3","Bundle branch block","circulatory system"
"733","426.25","Other heart block","circulatory system"
"734","426.4","Anomalous atrioventricular excitation","circulatory system"
"735","426","Cardiac conduction disorders","circulatory system"
"736","427","Cardiac dysrhythmias","circulatory system"
"737","427.11","Paroxysmal supraventricular tachycardia","circulatory system"
"738","427.12","Paroxysmal ventricular tachycardia","circulatory system"
"739","427.1","Paroxysmal tachycardia, unspecified","circulatory system"
"740","427.2","Atrial fibrillation and flutter","circulatory system"
"741","427.21","Atrial fibrillation","circulatory system"
"742","427.22","Atrial flutter","circulatory system"
"743","427.4","Cardiac arrest and ventricular fibrillation","circulatory system"
"744","427.41","Ventricular fibrillation and flutter","circulatory system"
"745","427.42","Cardiac arrest","circulatory system"
"746","427.6","Premature beats","circulatory system"
"747","427.61","Supraventricular premature beats","circulatory system"
"748","427.3","Other specified cardiac dysrhythmias","circulatory system"
"749","427.8","Sinoatrial node dysfunction (Bradycardia)","circulatory system"
"750","427.5","Arrhythmia (cardiac) NOS","circulatory system"
"751","428","Congestive heart failure; nonhypertensive","circulatory system"
"752","428.2","Heart failure NOS","circulatory system"
"753","428.3","Heart failure with reduced EF [Systolic or combined heart failure]","circulatory system"
"754","428.4","Heart failure with preserved EF [Diastolic heart failure]","circulatory system"
"755","414","Other forms of chronic heart disease","circulatory system"
"756","414.2","ASCVD","circulatory system"
"757","416","Cardiomegaly","circulatory system"
"758","429","Ill-defined descriptions and complications of heart disease","circulatory system"
"759","430.1","Subarachnoid hemorrhage","circulatory system"
"760","430.2","Intracerebral hemorrhage","circulatory system"
"761","430","Intracranial hemorrhage","circulatory system"
"762","430.3","Subdural hemorrhage","circulatory system"
"763","433.1","Occlusion and stenosis of precerebral arteries","circulatory system"
"764","433.11","Occlusion of cerebral arteries, with cerebral infarction","circulatory system"
"765","433.2","Occlusion of cerebral arteries","circulatory system"
"766","433.21","Cerebral artery occlusion, with cerebral infarction","circulatory system"
"767","433.31","Transient cerebral ischemia","circulatory system"
"768","433","Cerebrovascular disease","circulatory system"
"769","433.12","Cerebral atherosclerosis","circulatory system"
"770","433.3","Cerebral ischemia","circulatory system"
"771","433.5","Cerebral aneurysm","circulatory system"
"772","433.32","Moyamoya disease","circulatory system"
"773","433.8","Late effects of cerebrovascular disease","circulatory system"
"774","440","Atherosclerosis","circulatory system"
"775","440.9","Atherosclerosis of aorta","circulatory system"
"776","440.1","Atherosclerosis of renal artery","circulatory system"
"777","440.2","Atherosclerosis of the extremities","circulatory system"
"778","440.22","Atherosclerosis of native arteries of the extremities with intermittent claudication","circulatory system"
"779","440.21","Atherosclerosis of native arteries of the extremities with ulceration or gangrene","circulatory system"
"780","442.1","Aortic aneurysm","circulatory system"
"781","442.11","Abdominal aortic aneurysm","circulatory system"
"782","442","Other aneurysm","circulatory system"
"783","442.8","Aneurysm of other specified artery","circulatory system"
"784","442.2","Aneurysm of iliac artery","circulatory system"
"785","442.3","Aneurysm of artery of lower extremity","circulatory system"
"786","443","Peripheral vascular disease","circulatory system"
"787","443.1","Raynaud's syndrome","circulatory system"
"788","446.1","Thromboangiitis obliterans","circulatory system"
"789","442.4","Arterial dissection","circulatory system"
"790","443.8","Other specified peripheral vascular diseases","circulatory system"
"791","443.7","Peripheral angiopathy in diseases classified elsewhere","circulatory system"
"792","443.9","Peripheral vascular disease, unspecified","circulatory system"
"793","444","Arterial embolism and thrombosis","circulatory system"
"794","444.2","Embolism and thrombosis of abdominal aorta","circulatory system"
"795","444.1","Arterial embolism and thrombosis of lower extremity artery","circulatory system"
"796","444.5","Atheroembolism","circulatory system"
"797","446","Polyarteritis nodosa and allied conditions","circulatory system"
"798","446.6","Polyarteritis nodosa","circulatory system"
"799","446.2","Acute febrile mucocutaneous lymph node syndrome (Kawasaki disease)","circulatory system"
"800","446.3","Hypersensitivity angiitis","circulatory system"
"801","446.4","Wegener's granulomatosis","circulatory system"
"802","446.5","Giant cell arteritis","circulatory system"
"803","446.8","Thrombotic microangiopathy","circulatory system"
"804","446.7","Takayasu's disease","circulatory system"
"805","447","Other disorders of arteries and arterioles","circulatory system"
"806","447.1","Stricture of artery","circulatory system"
"807","446.9","Arteritis NOS","circulatory system"
"808","447.7","Aortic ectasia","circulatory system"
"809","448","Disease of capillaries","circulatory system"
"810","217.1","Nevus, non-neoplastic","neoplasms"
"811","451","Phlebitis and thrombophlebitis","circulatory system"
"812","451.2","Phlebitis and thrombophlebitis of lower extremities","circulatory system"
"813","452","Other venous embolism and thrombosis","circulatory system"
"814","452.2","Deep vein thrombosis [DVT]","circulatory system"
"815","454.1","Varicose veins of lower extremity","circulatory system"
"816","454.11","Varicose veins of lower extremity, symptomtic","circulatory system"
"817","455","Hemorrhoids","circulatory system"
"818","454","Varicose veins","circulatory system"
"819","530.2","Esophageal bleeding (varices/hemorrhage)","digestive"
"820","450","Noninfectious disorders of lymphatic channels","circulatory system"
"821","458","Hypotension","circulatory system"
"822","458.1","Orthostatic hypotension","circulatory system"
"823","458.9","Hypotension NOS","circulatory system"
"824","458.2","Iatrogenic hypotension","circulatory system"
"825","459.9","Circulatory disease NEC","circulatory system"
"826","459.1","Hemorrhage NOS","circulatory system"
"827","452.8","Postphlebitic syndrome","circulatory system"
"828","459","Other disorders of circulatory system","circulatory system"
"829","453","Chronic venous hypertension","circulatory system"
"830","456","Chronic venous insufficiency [CVI]","circulatory system"
"831","464","Acute sinusitis","respiratory"
"832","465.2","Acute pharyngitis","respiratory"
"833","474.1","Acute tonsillitis","respiratory"
"834","465.4","Acute laryngitis and tracheitis","respiratory"
"835","483","Acute bronchitis and bronchiolitis","respiratory"
"836","470","Septal Deviations/Turbinate Hypertrophy","respiratory"
"837","471","Nasal polyps","respiratory"
"838","472","Chronic pharyngitis and nasopharyngitis","respiratory"
"839","475","Chronic sinusitis","respiratory"
"840","474.2","Chronic tonsillitis and adenoiditis","respiratory"
"841","474","Acute and chronic tonsillitis","respiratory"
"842","473.1","Chronic laryngitis","respiratory"
"843","476","Allergic rhinitis","respiratory"
"844","930","Allergic reaction to food","injuries & poisonings"
"845","479","Other upper respiratory disease","respiratory"
"846","473.3","Paralysis/spasm of vocal cords or larynx","respiratory"
"847","473","Diseases of the larynx and vocal cords","respiratory"
"848","480.11","Pneumococcal pneumonia","respiratory"
"849","480.12","Pseudomonal pneumonia","respiratory"
"850","480.13","MRSA pneumonia","respiratory"
"851","480.5","Bronchopneumonia and lung abscess","respiratory"
"852","481","Influenza","respiratory"
"853","497","Bronchitis","respiratory"
"854","496.2","Chronic bronchitis","respiratory"
"855","496.21","Obstructive chronic bronchitis","respiratory"
"856","496.1","Emphysema","respiratory"
"857","495","Asthma","respiratory"
"858","495.2","Asthma with exacerbation","respiratory"
"859","495.1","Chronic obstructive asthma","respiratory"
"860","495.11","Chronic obstructive asthma with exacerbation","respiratory"
"861","496.3","Bronchiectasis","respiratory"
"862","500.1","Extrinsic allergic alveolitis","respiratory"
"863","496","Chronic airway obstruction","respiratory"
"864","500.2","Pneumoconiosis","respiratory"
"865","500","Lung disease due to external agents","respiratory"
"866","501","Pneumonitis due to inhalation of food or vomitus","respiratory"
"867","506","Empyema and pneumothorax","respiratory"
"868","507","Pleurisy; pleural effusion","respiratory"
"869","503","Pulmonary congestion and hypostasis","respiratory"
"870","502","Postinflammatory pulmonary fibrosis","respiratory"
"871","504","Other alveolar and parietoalveolar pneumonopathy","respiratory"
"872","504.1","Idiopathic fibrosing alveolitis","respiratory"
"873","510","Other diseases of lung","respiratory"
"874","709.3","Systemic sclerosis","dermatologic"
"875","509","Respiratory failure, insufficiency, arrest","respiratory"
"876","508","Pulmonary collapse; interstitial and compensatory emphysema","respiratory"
"877","505","Other pulmonary inflamation or edema","respiratory"
"878","509.3","Pulmonary insufficiency or respiratory failure following trauma and surgery","respiratory"
"879","509.1","Respiratory failure","respiratory"
"880","509.2","Respiratory insufficiency","respiratory"
"881","512","Other symptoms of respiratory system","respiratory"
"882","519.1","Tracheostomy complications","respiratory"
"883","080","Postoperative infection","infectious diseases"
"884","498","Acute bronchospasm","respiratory"
"885","513.8","Disorders of diaphragm","respiratory"
"886","519.8","Other diseases of respiratory system, NEC","respiratory"
"887","519","Other diseases of respiratory system, not elsewhere classified","respiratory"
"888","520","Disorders of tooth development","digestive"
"889","520.1","Hereditary disturbances in tooth structure","digestive"
"890","520.2","Disturbances in tooth eruption","digestive"
"891","521","Diseases of hard tissues of teeth","digestive"
"892","521.1","Dental caries","digestive"
"893","521.2","Dental abrasion, erosion and attrition","digestive"
"894","521.4","Tooth complications likely association with other diseases","digestive"
"895","522","Diseases of pulp and periapical tissues","digestive"
"896","522.1","Pulpitis and necrosis of tooth pulp","digestive"
"897","523.31","Acute periodontitis","digestive"
"898","522.5","Periapical abscess","digestive"
"899","523.32","Chronic periodontitis","digestive"
"900","523","Gingival and periodontal diseases","digestive"
"901","523.1","Gingivitis","digestive"
"902","523.3","Periodontitis (acute or chronic)","digestive"
"903","524","Dentofacial anomalies, including malocclusion","digestive"
"904","526.3","Anomalies of jaw size/symmetry","digestive"
"905","524.3","Anomalies of tooth position/malocclusion","digestive"
"906","526.4","Temporomandibular joint disorders","digestive"
"907","526.41","Temporomandibular joint disorder, unspecified","digestive"
"908","526.42","Arthralgia/ankylosis of temporomandibular joint","digestive"
"909","525","Other diseases of the teeth and supporting structures","digestive"
"910","525.1","Loss of teeth or edentulism","digestive"
"911","525.2","Atrophy of edentulous alveolar ridge","digestive"
"912","526","Diseases of the jaws","digestive"
"913","526.1","Cysts of the jaws","digestive"
"914","526.5","Inflammatory conditions of jaw","digestive"
"915","526.9","Jaw disease NOS","digestive"
"916","526.8","Exostosis of jaw","digestive"
"917","527","Diseases of the salivary glands","digestive"
"918","527.1","Hypertrophy of salivary gland","digestive"
"919","527.2","Sialoadenitis","digestive"
"920","528.3","Cellulitis and abscess of oral soft tissues","digestive"
"921","528.7","Sialolithiasis","digestive"
"922","528.41","Cyst of the salivary gland","digestive"
"923","527.7","Disturbance of salivary secretion","digestive"
"924","527.8","Other specified diseases of the salivary glands","digestive"
"925","528","Diseases of the oral soft tissues, excluding lesions specific for gingiva and tongue","digestive"
"926","528.11","Stomatitis and mucositis (ulcerative)","digestive"
"927","528.1","Stomatitis and mucositis","digestive"
"928","963.1","Antineoplastic and immunosuppressive drugs causing adverse effects","injuries & poisonings"
"929","979","Adverse drug events and drug allergies","injuries & poisonings"
"930","528.12","Oral aphthae","digestive"
"931","528.4","Cysts of oral soft tissues","digestive"
"932","528.5","Diseases of lips","digestive"
"933","528.6","Leukoplakia of oral mucosa","digestive"
"934","529","Diseases and other conditions of the tongue","digestive"
"935","529.1","Glossitis","digestive"
"936","529.6","Glossodynia","digestive"
"937","530","Diseases of esophagus","digestive"
"938","530.5","Disorders of esophageal motility","digestive"
"939","530.1","Esophagitis, GERD and related diseases","digestive"
"940","530.14","Reflux esophagitis","digestive"
"941","530.15","Eosinophilic esophagitis","digestive"
"942","530.12","Ulcer of esophagus","digestive"
"943","530.3","Stricture and stenosis of esophagus","digestive"
"944","530.6","Diverticulum of esophagus, acquired","digestive"
"945","530.7","Gastroesophageal laceration-hemorrhage syndrome","digestive"
"946","530.11","GERD","digestive"
"947","530.13","Barrett's esophagus","digestive"
"948","531","Peptic ulcer (excl. esophageal)","digestive"
"949","531.1","Hemorrhage from gastrointestinal ulcer","digestive"
"950","531.2","Gastric ulcer","digestive"
"951","531.3","Duodenal ulcer","digestive"
"952","531.4","Peptic ulcer, site unspecified","digestive"
"953","531.5","Gastrojejunal ulcer","digestive"
"954","535","Gastritis and duodenitis","digestive"
"955","535.1","Acute gastritis","digestive"
"956","535.2","Atrophic gastritis","digestive"
"957","535.8","Other specified gastritis","digestive"
"958","535.9","Gastritis and duodenitis, NOS","digestive"
"959","535.6","Duodenitis","digestive"
"960","536","Disorders of function of stomach","digestive"
"961","789.1","Persistent vomiting","symptoms"
"962","536.3","Gastroparesis","digestive"
"963","536.7","Complications of gastrostomy, colostomy and enterostomy","digestive"
"964","536.8","Dyspepsia and other specified disorders of function of stomach","digestive"
"965","564","Functional digestive disorders","digestive"
"966","537","Other disorders of stomach and duodenum","digestive"
"967","537.1","Lesions of stomach and duodenum","digestive"
"968","539","Bariatric surgery","digestive"
"969","540","Appendiceal conditions","digestive"
"970","540.11","Acute appendicitis","digestive"
"971","540.1","Appendicitis","digestive"
"972","550.1","Inguinal hernia","digestive"
"973","550","Abdominal hernia","digestive"
"974","550.3","Femoral hernia","digestive"
"975","550.4","Umbilical hernia","digestive"
"976","550.5","Ventral hernia","digestive"
"977","550.6","Incisional hernia","digestive"
"978","550.2","Diaphragmatic hernia","digestive"
"979","555","Inflammatory bowel disease and other gastroenteritis and colitis","digestive"
"980","555.1","Regional enteritis","digestive"
"981","555.2","Ulcerative colitis","digestive"
"982","555.21","Ulcerative colitis (chronic)","digestive"
"983","441","Vascular insufficiency of intestine","circulatory system"
"984","441.1","Acute vascular insufficiency of intestine","circulatory system"
"985","441.2","Chronic vascular insufficiency of intestine","circulatory system"
"986","558","Noninfectious gastroenteritis","digestive"
"987","990","Effects radiation NOS","injuries & poisonings"
"988","569.1","Toxic gastroenteritis and colitis","digestive"
"989","560","Intestinal obstruction without mention of hernia","digestive"
"990","560.4","Other intestinal obstruction","digestive"
"991","560.1","Paralytic ileus","digestive"
"992","560.2","Impaction of intestine","digestive"
"993","560.3","Peritoneal or intestinal adhesions","digestive"
"994","562","Diverticulosis and diverticulitis","digestive"
"995","562.1","Diverticulosis","digestive"
"996","562.2","Diverticulitis","digestive"
"997","564.1","Irritable Bowel Syndrome","digestive"
"998","569.2","Gastrointestinal complications","digestive"
"999","565","Anal and rectal conditions","digestive"
"1000","712","Infective connective tissue disorders","musculoskeletal"
"1001","568","Other disorders of peritoneum","digestive"
"1002","568.1","Peritoneal adhesions (postoperative) (postinfection)","digestive"
"1003","569","Other disorders of intestine","digestive"
"1004","565.1","Anal and rectal polyp","digestive"
"1005","578.8","Hemorrhage of rectum and anus","digestive"
"1006","556","Ulceration of the lower GI tract","digestive"
"1007","853","Complication of colostomy or enterostomy","injuries & poisonings"
"1008","556.1","Ulceration of intestine","digestive"
"1009","556.11","Angiodysplasia of intestine (without mention of hemorrhage)","digestive"
"1010","573.4","Acute and subacute necrosis of liver","digestive"
"1011","571","Chronic liver disease and cirrhosis","digestive"
"1012","317.11","Alcoholic liver damage","mental disorders"
"1013","070.4","Chronic hepatitis","infectious diseases"
"1014","571.51","Cirrhosis of liver without mention of alcohol","digestive"
"1015","571.6","Primary biliary cirrhosis","digestive"
"1016","571.5","Other chronic nonalcoholic liver disease","digestive"
"1017","571.8","Liver abscess and sequelae of chronic liver disease","digestive"
"1018","571.81","Portal hypertension","digestive"
"1019","573","Other disorders of liver","digestive"
"1020","573.1","Chronic passive congestion of liver","digestive"
"1021","070.9","Hepatitis NOS","infectious diseases"
"1022","574","Cholelithiasis and cholecystitis","digestive"
"1023","574.11","Cholelithiasis with acute cholecystitis","digestive"
"1024","574.12","Cholelithiasis with other cholecystitis","digestive"
"1025","574.1","Cholelithiasis","digestive"
"1026","574.2","Calculus of bile duct","digestive"
"1027","575","Other biliary tract disease","digestive"
"1028","574.3","Cholecystitis without cholelithiasis","digestive"
"1029","575.7","Other disorders of gallbladder","digestive"
"1030","575.6","Cholesterolosis of gallbladder","digestive"
"1031","575.8","Other disorders of biliary tract","digestive"
"1032","575.1","Cholangitis","digestive"
"1033","575.2","Obstruction of bile duct","digestive"
"1034","577","Diseases of pancreas","digestive"
"1035","577.1","Acute pancreatitis","digestive"
"1036","577.2","Chronic pancreatitis","digestive"
"1037","577.3","Cyst and pseudocyst of pancreas","digestive"
"1038","578","Gastrointestinal hemorrhage","digestive"
"1039","578.1","Hematemesis","digestive"
"1040","578.2","Blood in stool","digestive"
"1041","578.9","Hemorrhage of gastrointestinal tract","digestive"
"1042","557","Intestinal malabsorption (non-celiac)","digestive"
"1043","557.1","Celiac disease","digestive"
"1044","580","Nephritis; nephrosis; renal sclerosis","genitourinary"
"1045","580.11","Proliferative glomerulonephritis","genitourinary"
"1046","580.13","Acute glomerulonephritis, NOS","genitourinary"
"1047","580.12","Non-proliferative glomerulonephritis","genitourinary"
"1048","580.2","Nephrotic syndrome without mention of glomerulonephritis","genitourinary"
"1049","580.1","Glomerulonephritis","genitourinary"
"1050","580.14","Chronic glomerulonephritis, NOS","genitourinary"
"1051","580.3","Nephritis and nephropathy without mention of glomerulonephritis","genitourinary"
"1052","580.32","Nephritis and nephropathy with pathological lesion","genitourinary"
"1053","580.31","Nephritis and nephropathy in diseases classified elsewhere","genitourinary"
"1054","585","Renal failure","genitourinary"
"1055","585.1","Acute renal failure","genitourinary"
"1056","585.3","Chronic renal failure [CKD]","genitourinary"
"1057","585.4","Chronic kidney disease, Stage I or II","genitourinary"
"1058","585.33","Chronic Kidney Disease, Stage III","genitourinary"
"1059","585.34","Chronic Kidney Disease, Stage IV","genitourinary"
"1060","585.32","End stage renal disease","genitourinary"
"1061","585.2","Renal failure NOS","genitourinary"
"1062","580.4","Renal sclerosis, NOS","genitourinary"
"1063","588","Disorders resulting from impaired renal function","genitourinary"
"1064","588.1","Renal osteodystrophy","genitourinary"
"1065","588.2","Secondary hyperparathyroidism (of renal origin)","genitourinary"
"1066","586.11","Small kidney","genitourinary"
"1067","590","Pyelonephritis","genitourinary"
"1068","595","Hydronephrosis","genitourinary"
"1069","594","Urinary calculus","genitourinary"
"1070","594.1","Calculus of kidney","genitourinary"
"1071","594.3","Calculus of ureter","genitourinary"
"1072","586","Other disorders of the kidney and ureters","genitourinary"
"1073","586.1","Anatomical abnormatilies of kidney and ureters","genitourinary"
"1074","586.3","Vascular disorders of kidney/hypertrophy","genitourinary"
"1075","586.2","Cyst of kidney, acquired","genitourinary"
"1076","586.4","Stricture/obstruction of ureter","genitourinary"
"1077","269","Proteinuria","endocrine/metabolic"
"1078","586.12","Vesicoureteral reflux","genitourinary"
"1079","594.2","Calculus of lower urinary tract","genitourinary"
"1080","592","Cystitis and urethritis","genitourinary"
"1081","592.11","Acute cystitis","genitourinary"
"1082","592.13","Chronic interstitial cystitis","genitourinary"
"1083","592.12","Chronic cystitis","genitourinary"
"1084","596","Other disorders of bladder","genitourinary"
"1085","596.1","Bladder neck obstruction","genitourinary"
"1086","596.5","Functional disorders of bladder","genitourinary"
"1087","592.2","Urethritis and urethral syndrome","genitourinary"
"1088","592.21","Urethral syndrome","genitourinary"
"1089","592.3","Urethral stricture due to infecton","genitourinary"
"1090","597.1","Urethral stricture (not specified as infectious)","genitourinary"
"1091","597","Other disorders of urethra and urinary tract","genitourinary"
"1092","591","Urinary tract infection","genitourinary"
"1093","599.1","Urinary obstruction","genitourinary"
"1094","593","Hematuria","genitourinary"
"1095","593.1","Gross hematuria","genitourinary"
"1096","593.2","Microscopic hematuria","genitourinary"
"1097","599","Other symptoms/disorders or the urinary system","genitourinary"
"1098","597.8","Urethral hypermobility/ISD","genitourinary"
"1099","600","Hyperplasia of prostate","genitourinary"
"1100","601","Inflammatory diseases of prostate","genitourinary"
"1101","601.11","Acute prostatitis","genitourinary"
"1102","601.12","Chronic prostatitis","genitourinary"
"1103","601.1","Prostatitis","genitourinary"
"1104","602","Other disorders of prostate","genitourinary"
"1105","602.3","Dysplasia of prostate","genitourinary"
"1106","603.1","Hydrocele","genitourinary"
"1107","601.3","Orchitis and epididymitis","genitourinary"
"1108","604.1","Redundant prepuce and phimosis/BXO","genitourinary"
"1109","609","Male infertility and abnormal spermatozoa","genitourinary"
"1110","609.11","Azoospermia and oligospermia","genitourinary"
"1111","609.1","Infertility, male","genitourinary"
"1112","604","Disorders of penis","genitourinary"
"1113","601.4","Balanoposthitis","genitourinary"
"1114","601.8","Other inflammatory disorders of male genital organs","genitourinary"
"1115","604.2","Vascular disorders of penis","genitourinary"
"1116","604.3","Peyronie's disease","genitourinary"
"1117","608","Other disorders of male genital organs","genitourinary"
"1118","603.2","Spermatocele","genitourinary"
"1119","603","Other disorders of testis","genitourinary"
"1120","609.2","Abnormal spermatozoa","genitourinary"
"1121","610","Benign mammary dysplasias","genitourinary"
"1122","610.1","Cystic mastopathy","genitourinary"
"1123","610.2","Fibroadenosis of breast","genitourinary"
"1124","610.3","Fibrosclerosis of breast","genitourinary"
"1125","610.8","Other specified benign mammary dysplasias","genitourinary"
"1126","613","Other nonmalignant breast conditions","genitourinary"
"1127","613.1","Inflammatory disease of breast","genitourinary"
"1128","612.2","Hypertrophy of breast (Gynecomastia)","genitourinary"
"1129","612.1","Galactorrhea","genitourinary"
"1130","613.7","Other signs and symptoms in breast","genitourinary"
"1131","613.5","Mastodynia","genitourinary"
"1132","611.3","Lump or mass in breast","genitourinary"
"1133","613.8","Other specified disorders of breast","genitourinary"
"1134","612","Breast conditions, congenital or relating to hormones","genitourinary"
"1135","613.9","Breast disorder NOS","genitourinary"
"1136","175","Acquired absence of breast","neoplasms"
"1137","614","Inflammatory diseases of female pelvic organs","genitourinary"
"1138","614.31","Acute inflammatory pelvic disease","genitourinary"
"1139","614.32","Chronic inflammatory pelvic disease","genitourinary"
"1140","614.3","Pelvic inflammatory disease (PID)","genitourinary"
"1141","614.1","Pelvic peritoneal adhesions, female (postoperative) (postinfection)","genitourinary"
"1142","614.33","Pelvic inflammatory disease, NOS","genitourinary"
"1143","614.4","Inflammatory diseases of uterus, except cervix","genitourinary"
"1144","614.5","Inflammatory disease of cervix, vagina, and vulva","genitourinary"
"1145","614.51","Cervicitis and endocervicitis","genitourinary"
"1146","614.52","Vaginitis and vulvovaginitis","genitourinary"
"1147","614.53","Cyst or abscess of Bartholin's gland","genitourinary"
"1148","614.54","Abscess or ulceration of vulva","genitourinary"
"1149","615","Endometriosis","genitourinary"
"1150","618","Genital prolapse","genitourinary"
"1151","618.1","Prolapse of vaginal walls","genitourinary"
"1152","618.2","Uterine/Uterovaginal prolapse","genitourinary"
"1153","618.5","Prolapse of vaginal vault after hysterectomy","genitourinary"
"1154","618.6","Vaginal enterocele, congenital or acquired","genitourinary"
"1155","619","Noninflammatory female genital disorders","genitourinary"
"1156","628","Ovarian cyst","genitourinary"
"1157","624.2","Atrophy of female genital tract","genitourinary"
"1158","619.1","Noninflammatory disorders of ovary, fallopian tube, and broad ligament","genitourinary"
"1159","619.2","Disorders of uterus, NEC","genitourinary"
"1160","622.1","Polyp of corpus uteri","genitourinary"
"1161","623","Hypertrophy of female genital organs","genitourinary"
"1162","621","Endometrial hyperplasia","genitourinary"
"1163","626","Disorders of menstruation and other abnormal bleeding from female genital tract","genitourinary"
"1164","619.3","Noninflammatory disorders of cervix","genitourinary"
"1165","624","Symptoms involving female genital tract","genitourinary"
"1166","622.2","Mucous polyp of cervix","genitourinary"
"1167","619.4","Noninflammatory disorders of vagina","genitourinary"
"1168","620","Dysplasia of female genital organs","genitourinary"
"1169","622","Polyp of female genital organs","genitourinary"
"1170","619.5","Noninflammatory disorders of vulva and perineum","genitourinary"
"1171","624.1","Dystrophy of female genital tract","genitourinary"
"1172","625","Pain and other symptoms associated with female genital organs","genitourinary"
"1173","625.1","Dyspareunia","genitourinary"
"1174","626.21","Mittelschmerz","genitourinary"
"1175","626.2","Dysmenorrhea","genitourinary"
"1176","626.4","Premenstrual tension syndromes","genitourinary"
"1177","624.9","stress incontinence, female","genitourinary"
"1178","626.11","Absent or infrequent menstruation","genitourinary"
"1179","626.12","Excessive or frequent menstruation","genitourinary"
"1180","626.13","Irregular menstrual cycle","genitourinary"
"1181","626.14","Irregular menstrual bleeding","genitourinary"
"1182","626.1","Irregular menstrual cycle/bleeding","genitourinary"
"1183","627","Menopausal and postmenopausal disorders","genitourinary"
"1184","627.4","Premenopausal menorrhagia","genitourinary"
"1185","627.1","Postmenopausal bleeding","genitourinary"
"1186","627.2","Symptomatic menopause","genitourinary"
"1187","627.3","Postmenopausal atrophic vaginitis","genitourinary"
"1188","627.21","Symptomatic artificial menopause","genitourinary"
"1189","626.8","Infertility, female","genitourinary"
"1190","626.15","Infertility, female, associated with anovulation","genitourinary"
"1191","634.1","Missed abortion/Hydatidiform mole","pregnancy complications"
"1192","634","Miscarriage; stillbirth","pregnancy complications"
"1193","634.3","Ectopic pregnancy","pregnancy complications"
"1194","636.3","Hemorrhage in early pregnancy","pregnancy complications"
"1195","635.2","Antepartum hemorrhage, abruptio placentae, and placenta previa","pregnancy complications"
"1196","642","Hypertension complicating pregnancy, childbirth, and the puerperium","pregnancy complications"
"1197","642.1","Preeclampsia and eclampsia","pregnancy complications"
"1198","643","Excessive vomiting in pregnancy","pregnancy complications"
"1199","643.1","Hyperemesis gravidarum","pregnancy complications"
"1200","636","Early or threatened labor; hemorrhage in early pregnancy","pregnancy complications"
"1201","636.1","Threatened premature labor","pregnancy complications"
"1202","636.2","Early onset of delivery","pregnancy complications"
"1203","646","Other complications of pregnancy NEC","pregnancy complications"
"1204","647","Infectious and parasitic complications affecting pregnancy","pregnancy complications"
"1205","647.1","Infections of genitourinary tract during pregnancy","pregnancy complications"
"1206","649","Other conditions or status of the mother complicating pregnancy, childbirth, or the puerperium","pregnancy complications"
"1207","649.1","Diabetes or abnormal glucose tolerance complicating pregnancy","pregnancy complications"
"1208","644","Anemia during pregnancy","pregnancy complications"
"1209","306.1","Mental disorders durring/after pregnancy","mental disorders"
"1210","286.3","Coagulation defects complicating pregnancy or postpartum","hematopoietic"
"1211","636.8","Cervical incompetence","pregnancy complications"
"1212","654","Other and unspecified complications of birth; puerperium affecting management of mother","pregnancy complications"
"1213","654.1","Abnormality of organs and soft tissues of pelvis complicating pregnancy, childbirth, or the puerperium","pregnancy complications"
"1214","655","Known or suspected fetal abnormality affecting management of mother","pregnancy complications"
"1215","635","Hemorrhage during pregnancy; childbirth and postpartum","pregnancy complications"
"1216","654.2","Rhesus isoimmunization in pregnancy","pregnancy complications"
"1217","653","Problems associated with amniotic cavity and membranes","pregnancy complications"
"1218","655.1","Abnormality in fetal heart rate or rhythm","pregnancy complications"
"1219","635.3","Placenta previa and abruptio placenta","pregnancy complications"
"1220","669","Complications of labor and delivery NEC","pregnancy complications"
"1221","647.3","Major puerperal infection","pregnancy complications"
"1222","671","Venous/cerebrovascular complications embolism in pregnancy and the puerperium","pregnancy complications"
"1223","674","Other complications of the puerperium NEC","pregnancy complications"
"1224","676","Other disorders of the breast associated with childbirth and disorders of lactation","pregnancy complications"
"1225","686.1","Carbuncle and furuncle","dermatologic"
"1226","681.1","Cellulitis and abscess of fingers/toes","dermatologic"
"1227","681","Superficial cellulitis and abscess","dermatologic"
"1228","681.2","Cellulitis and abscess of face/neck","dermatologic"
"1229","681.7","Cellulitis and abscess of trunk","dermatologic"
"1230","681.3","Cellulitis and abscess of arm/hand","dermatologic"
"1231","681.5","Cellulitis and abscess of leg, except foot","dermatologic"
"1232","681.6","Cellulitis and abscess of foot, toe","dermatologic"
"1233","686.2","Impetigo","dermatologic"
"1234","686.3","Pilonidal cyst","dermatologic"
"1235","686.5","Pyoderma","dermatologic"
"1236","686.4","Pyogenic granuloma","dermatologic"
"1237","690","Erythematosquamous dermatosis","dermatologic"
"1238","690.1","Seborrheic dermatitis","dermatologic"
"1239","939","Atopic/contact dermatitis due to other or unspecified","dermatologic"
"1240","949.1","Diaper or napkin rash","injuries & poisonings"
"1241","931","Contact dermatitis and other eczema due to plants [except food]","dermatologic"
"1242","938","Dermatitis due to solar radiation","dermatologic"
"1243","938.1","Acute dermatitis due to solar radiation","dermatologic"
"1244","938.2","Chronic dermatitis due to solar radiation","dermatologic"
"1245","695.2","Bullous dermatoses","dermatologic"
"1246","695.21","Dermatitis herpetiformis","dermatologic"
"1247","695.22","Pemphigus and pemphigoid","dermatologic"
"1248","695","Erythematous conditions","dermatologic"
"1249","695.1","Toxic erythema","dermatologic"
"1250","695.81","Erythema nodosum","dermatologic"
"1251","695.3","Rosacea","dermatologic"
"1252","695.41","Cutaneous lupus erythematosus","dermatologic"
"1253","695.8","Other specified erythematous conditions","dermatologic"
"1254","695.9","Unspecified erythematous condition","dermatologic"
"1255","696","Psoriasis and related disorders","dermatologic"
"1256","696.42","Psoriatic arthropathy","dermatologic"
"1257","696.41","Psoriasis vulgaris","dermatologic"
"1258","696.2","Parapsoriasis","dermatologic"
"1259","696.3","Pityriasis","dermatologic"
"1260","696.4","Psoriasis","dermatologic"
"1261","695.7","Prurigo and Lichen","dermatologic"
"1262","698","Pruritus and related conditions","dermatologic"
"1263","700","Corns and callosities","dermatologic"
"1264","701","Other hypertrophic and atrophic conditions of skin","dermatologic"
"1265","701.3","Circumscribed scleroderma","dermatologic"
"1266","701.1","Keratoderma, acquired","dermatologic"
"1267","701.6","Acquired acanthosis nigricans","dermatologic"
"1268","701.4","Keloid scar","dermatologic"
"1269","701.5","Abnormal granulation tissue","dermatologic"
"1270","702","Degenerative skin conditions and other dermatoses","dermatologic"
"1271","702.1","Actinic keratosis","dermatologic"
"1272","702.2","Seborrheic keratosis","dermatologic"
"1273","703","Diseases of nail, NOS","dermatologic"
"1274","703.1","Ingrowing nail","dermatologic"
"1275","704","Diseases of hair and hair follicles","dermatologic"
"1276","704.1","Alopecia","dermatologic"
"1277","704.11","Alopecia Areata","dermatologic"
"1278","704.12","Telogen effluvium","dermatologic"
"1279","704.2","Hirsutism","dermatologic"
"1280","704.8","Other specified diseases of hair and hair follicles","dermatologic"
"1281","705","Disorders of sweat glands","dermatologic"
"1282","705.8","Hyperhidrosis","dermatologic"
"1283","705.1","Dyshidrosis","dermatologic"
"1284","705.3","Hidradenitis","dermatologic"
"1285","706","Diseases of sebaceous glands","dermatologic"
"1286","706.1","Acne","dermatologic"
"1287","706.2","Sebaceous cyst","dermatologic"
"1288","706.3","Seborrhea","dermatologic"
"1289","706.8","Other specified diseases of sebaceous glands","dermatologic"
"1290","707","Chronic ulcer of skin","dermatologic"
"1291","707.1","Decubitus ulcer","dermatologic"
"1292","707.2","Chronic ulcer of leg or foot","dermatologic"
"1293","707.3","Chronic ulcer of unspecified site","dermatologic"
"1294","947","Urticaria","dermatologic"
"1295","689","Disorder of skin and subcutaneous tissue NOS","dermatologic"
"1296","694","Dyschromia and Vitiligo","dermatologic"
"1297","694.2","Other dyschromia","dermatologic"
"1298","694.1","Vitiligo","dermatologic"
"1299","694.3","Vascular disorders of skin","dermatologic"
"1300","701.2","Scar conditions and fibrosis of skin","dermatologic"
"1301","702.4","Degenerative skin disorders","dermatologic"
"1302","709","Diffuse diseases of connective tissue","dermatologic"
"1303","695.42","Systemic lupus erythematosus","dermatologic"
"1304","709.2","Sicca syndrome","dermatologic"
"1305","709.5","Dermatomyositis","dermatologic"
"1306","709.4","Polymyositis","dermatologic"
"1307","709.6","Other specified diffuse diseases of connective tissue","dermatologic"
"1308","709.7","Unspecified diffuse connective tissue disease","dermatologic"
"1309","711.1","Pyogenic arthritis","musculoskeletal"
"1310","274","Gout and other crystal arthropathies","endocrine/metabolic"
"1311","274.21","Chondrocalcinosis","endocrine/metabolic"
"1312","274.2","Crystal arthropathies","endocrine/metabolic"
"1313","713","Arthropathy associated with other disorders classified elsewhere","musculoskeletal"
"1314","713.5","Arthropathy associated with neurological disorders","musculoskeletal"
"1315","714","Rheumatoid arthritis and other inflammatory polyarthropathies","musculoskeletal"
"1316","714.1","Rheumatoid arthritis","musculoskeletal"
"1317","714.2","Juvenile rheumatoid arthritis","musculoskeletal"
"1318","740","Osteoarthrosis","musculoskeletal"
"1319","740.2","Osteoarthrosis, generalized","musculoskeletal"
"1320","740.11","Osteoarthrosis, localized, primary","musculoskeletal"
"1321","740.12","Osteoarthrosis, localized, secondary","musculoskeletal"
"1322","740.1","Osteoarthritis; localized","musculoskeletal"
"1323","740.3","Osteoarthrosis involving more than one site, but not specified as generalized","musculoskeletal"
"1324","740.9","Osteoarthrosis NOS","musculoskeletal"
"1325","716.9","Arthropathy NOS","musculoskeletal"
"1326","716.3","Kaschin-Beck disease","musculoskeletal"
"1327","836","Traumatic arthropathy","injuries & poisonings"
"1328","716","Other arthropathies","musculoskeletal"
"1329","716.1","Unspecified polyarthropathy or polyarthritis","musculoskeletal"
"1330","716.2","Unspecified monoarthritis","musculoskeletal"
"1331","835","Internal derangement of knee","injuries & poisonings"
"1332","742.9","Other derangement of joint","musculoskeletal"
"1333","742.8","Articular cartilage disorder","musculoskeletal"
"1334","742.1","Loose body in joint","musculoskeletal"
"1335","742.2","Pathological, developmental or recurrent dislocation","musculoskeletal"
"1336","739","Contracture of joint","musculoskeletal"
"1337","741.1","Ankylosis of joint","musculoskeletal"
"1338","742","Derangement of joint, non-traumatic","musculoskeletal"
"1339","741","Symptoms and disorders of the joints","musculoskeletal"
"1340","741.4","Joint effusions","musculoskeletal"
"1341","741.5","Hemarthrosis","musculoskeletal"
"1342","741.6","Villonodular synovitis","musculoskeletal"
"1343","716.8","Palindromic rheumatism","musculoskeletal"
"1344","745","Pain in joint","musculoskeletal"
"1345","741.2","Stiffness of joint","musculoskeletal"
"1346","741.3","Difficulty in walking","musculoskeletal"
"1347","715","Other inflammatory spondylopathies","musculoskeletal"
"1348","715.2","Ankylosing spondylitis","musculoskeletal"
"1349","715.3","Spinal enthesopathy","musculoskeletal"
"1350","715.1","Sacroiliitis NEC","musculoskeletal"
"1351","721","Spondylosis and allied disorders","musculoskeletal"
"1352","721.1","Spondylosis without myelopathy","musculoskeletal"
"1353","721.2","Spondylosis with myelopathy","musculoskeletal"
"1354","721.8","Other allied disorders of spine","musculoskeletal"
"1355","722","Intervertebral disc disorders","musculoskeletal"
"1356","722.1","Displacement of intervertebral disc","musculoskeletal"
"1357","722.3","Schmorl's nodes","musculoskeletal"
"1358","722.6","Degeneration of intervertebral disc","musculoskeletal"
"1359","722.7","Intervertebral disc disorder with myelopathy","musculoskeletal"
"1360","722.8","Postlaminectomy syndrome","musculoskeletal"
"1361","722.9","Other and unspecified disc disorder","musculoskeletal"
"1362","723","Other disorders of cervical region","musculoskeletal"
"1363","720","Spinal stenosis","musculoskeletal"
"1364","761","Cervicalgia","symptoms"
"1365","767","Cervicocranial/Cervicobrachial syndrome","symptoms"
"1366","765","Cervical radiculitis","symptoms"
"1367","723.1","Torticollis","musculoskeletal"
"1368","724","Other and unspecified disorders of back","musculoskeletal"
"1369","720.1","Spinal stenosis of lumbar region","musculoskeletal"
"1370","760","Back pain","symptoms"
"1371","764","Sciatica","symptoms"
"1372","763","Thoracic or lumbosacral neuritis or radiculitis, unspecified","symptoms"
"1373","724.1","Disorders of sacrum","musculoskeletal"
"1374","724.2","Disorders of coccyx","musculoskeletal"
"1375","724.8","Other symptoms referable to back","musculoskeletal"
"1376","724.9","Other unspecified back disorders","musculoskeletal"
"1377","717","Polymyalgia Rheumatica","musculoskeletal"
"1378","726","Peripheral enthesopathies and allied syndromes","musculoskeletal"
"1379","726.1","Enthesopathy","musculoskeletal"
"1380","726.2","Synoviopathy","musculoskeletal"
"1381","726.3","Bursitis","musculoskeletal"
"1382","726.4","Calcaneal spur; Exostosis NOS","musculoskeletal"
"1383","727","Other disorders of synovium, tendon, and bursa","musculoskeletal"
"1384","727.1","Synovitis and tenosynovitis","musculoskeletal"
"1385","735.3","Hallux valgus (Bunion)","musculoskeletal"
"1386","727.2","Bursitis disorders","musculoskeletal"
"1387","727.4","Ganglion and cyst of synovium, tendon, and bursa","musculoskeletal"
"1388","727.5","Rupture of synovium","musculoskeletal"
"1389","727.6","Rupture of tendon, nontraumatic","musculoskeletal"
"1390","727.7","Contracture of tendon (sheath)","musculoskeletal"
"1391","727.8","Plica syndrome","musculoskeletal"
"1392","728","Disorders of muscle, ligament, and fascia","musculoskeletal"
"1393","728.1","Muscular calcification and ossification","musculoskeletal"
"1394","772.1","Muscular wasting and disuse atrophy","symptoms"
"1395","728.2","Laxity of ligament or hypermobility syndrome","musculoskeletal"
"1396","728.71","Contracture of palmar fascia [Dupuytren's disease]","musculoskeletal"
"1397","728.7","Fasciitis","musculoskeletal"
"1398","772.2","Spasm of muscle","symptoms"
"1399","772.3","Muscle weakness","symptoms"
"1400","772.4","Rhabdomyolysis","symptoms"
"1401","772","Symptoms of the muscles","symptoms"
"1402","729","Other disorders of soft tissues","musculoskeletal"
"1403","729.1","Rheumatism, unspecified and fibrositis","musculoskeletal"
"1404","770","Myalgia and myositis unspecified","symptoms"
"1405","766","Neuralgia, neuritis, and radiculitis NOS","symptoms"
"1406","729.3","Panniculitis","musculoskeletal"
"1407","729.7","Nontraumatic compartment syndrome","musculoskeletal"
"1408","771","Musculoskeletal symptoms referable to limbs","symptoms"
"1409","771.1","Swelling of limb","symptoms"
"1410","771.2","Cramp of limb","symptoms"
"1411","710","Osteomyelitis, periostitis, and other infections involving bone","musculoskeletal"
"1412","710.11","Acute osteomyelitis","musculoskeletal"
"1413","710.12","Chronic osteomyelitis","musculoskeletal"
"1414","710.19","Unspecified osteomyelitis","musculoskeletal"
"1415","710.2","Periostitis","musculoskeletal"
"1416","710.3","Osteopathy resulting from poliomyelitis","musculoskeletal"
"1417","731","Osteitis deformans and osteopathies associated with other disorders classified elsewhere","musculoskeletal"
"1418","731.1","Osteitis deformans [Paget's disease of bone]","musculoskeletal"
"1419","732","Osteochondropathies","musculoskeletal"
"1420","732.1","Juvenile osteochondrosis","musculoskeletal"
"1421","732.7","Osteochondritis dissecans","musculoskeletal"
"1422","743","Osteoporosis, osteopenia and pathological fracture","musculoskeletal"
"1423","743.1","Osteoporosis","musculoskeletal"
"1424","743.11","Osteoporosis NOS","musculoskeletal"
"1425","743.12","Senile osteoporosis","musculoskeletal"
"1426","743.13","Other specified osteoporosis","musculoskeletal"
"1427","743.2","Pathologic fracture","musculoskeletal"
"1428","743.21","Pathologic fracture of vertebrae","musculoskeletal"
"1429","743.22","Pathologic fracture of femur","musculoskeletal"
"1430","733.2","Cyst of bone","musculoskeletal"
"1431","733","Other disorders of bone and cartilage","musculoskeletal"
"1432","733.4","Aseptic necrosis of bone","musculoskeletal"
"1433","733.6","Costochondritis","musculoskeletal"
"1434","733.8","Malunion and nonunion of fracture","musculoskeletal"
"1435","743.9","Osteopenia or other disorder of bone and cartilage","musculoskeletal"
"1436","733.9","Chondromalacia","musculoskeletal"
"1437","743.4","Stress fracture","musculoskeletal"
"1438","735.1","Flat foot","musculoskeletal"
"1439","735","Acquired foot deformities","musculoskeletal"
"1440","735.2","Acquired toe deformities","musculoskeletal"
"1441","735.23","Hallux rigidus","musculoskeletal"
"1442","735.21","Hammer toe (acquired)","musculoskeletal"
"1443","735.22","Claw toe (acquired)","musculoskeletal"
"1444","736","Other acquired deformities of limbs","musculoskeletal"
"1445","736.1","Acquired deformities of forearm","musculoskeletal"
"1446","736.2","Acquired deformities of finger","musculoskeletal"
"1447","736.3","Acquired deformities of hip","musculoskeletal"
"1448","736.4","Genu valgum or varum (acquired)","musculoskeletal"
"1449","736.5","Acquired deformities of knee","musculoskeletal"
"1450","736.6","Unequal leg length (acquired)","musculoskeletal"
"1451","737","Curvature of spine","musculoskeletal"
"1452","737.1","Kyphosis (acquired)","musculoskeletal"
"1453","737.2","Lordosis (acquired)","musculoskeletal"
"1454","737.3","Kyphoscoliosis and scoliosis","musculoskeletal"
"1455","738","Other acquired musculoskeletal deformity","musculoskeletal"
"1456","738.4","Acquired spondylolisthesis","musculoskeletal"
"1457","769","Nonallopathic lesions NEC","symptoms"
"1458","752.1","Neural tube defects","congenital anomalies"
"1459","752.11","Spina bifida","congenital anomalies"
"1460","752","Nervous system congenital anomalies","congenital anomalies"
"1461","752.2","Other specified congenital anomalies of nervous system","congenital anomalies"
"1462","753","Congenital anomalies of the eye","congenital anomalies"
"1463","753.1","Congenital cataract and lens anomalies","congenital anomalies"
"1464","753.2","Congenital anomalies of posterior segment of eye","congenital anomalies"
"1465","749","Congenital anomalies of face and neck","congenital anomalies"
"1466","747.11","Cardiac shunt/ heart septal defect","congenital anomalies"
"1467","747.1","Cardiac congenital anomalies","congenital anomalies"
"1468","747.12","Valvular heart disease/ heart chambers","congenital anomalies"
"1469","747","Cardiac and circulatory congenital anomalies","congenital anomalies"
"1470","747.13","Congenital anomalies of great vessels","congenital anomalies"
"1471","747.2","Congenital anomalies of peripheral vascular system","congenital anomalies"
"1472","748","Anomalies of respiratory system, congenital","congenital anomalies"
"1473","749.1","Cleft palate","congenital anomalies"
"1474","750.1","Upper gastrointestinal congenital anomalies","congenital anomalies"
"1475","750.13","Congenital anomalies of mouth/tongue","congenital anomalies"
"1476","750.11","Esophageal atresia/tracheoesophageal fistula","congenital anomalies"
"1477","750.14","Congenital anomalies of esophagus","congenital anomalies"
"1478","750.5","Congenital hypertrophic pyloric stenosis","congenital anomalies"
"1479","750.15","Congenital anomalies of stomach","congenital anomalies"
"1480","750","Digestive congenital anomalies","congenital anomalies"
"1481","750.21","Congenital anomalies of intestine","congenital anomalies"
"1482","750.22","Congenital anomaly of gallbladder, bile ducts, liver, pancreas","congenital anomalies"
"1483","750.2","Lower gastrointestinal congenital anomalies","congenital anomalies"
"1484","751","Genitourinary congenital anomalies","congenital anomalies"
"1485","751.11","Congenital anomalies of female genital organs","congenital anomalies"
"1486","751.12","Congenital anomalies of male genital organs","congenital anomalies"
"1487","751.1","Congenital anomalies of genital organs","congenital anomalies"
"1488","751.22","Other specified congenital anomalies of kidney","congenital anomalies"
"1489","751.21","Cystic kidney disease","congenital anomalies"
"1490","751.3","Obstructive genitourinary defect","congenital anomalies"
"1491","751.2","Congenital anomalies of urinary system","congenital anomalies"
"1492","756","Other congenital musculoskeletal anomalies","congenital anomalies"
"1493","755.61","Congenital hip dysplasia and deformity","congenital anomalies"
"1494","755.6","Other congenital anomalies of lower limb, including pelvic girdle","congenital anomalies"
"1495","755.1","Congenital deformities of feet","congenital anomalies"
"1496","756.21","Pectus excavatum","congenital anomalies"
"1497","756.22","Pectus carinatum","congenital anomalies"
"1498","755","Congenital anomalies of limbs","congenital anomalies"
"1499","755.3","Congenital anomaly of fingers/toes","congenital anomalies"
"1500","755.4","Congenital anomalies of upper limb, including shoulder girdle","congenital anomalies"
"1501","749.2","Congenital anomalies of skull and face bones","congenital anomalies"
"1502","754","Congenital musculoskeletal deformities of spine","congenital anomalies"
"1503","754.1","Lumbosacral spondylolysis, congenital","congenital anomalies"
"1504","754.2","Spondylolisthesis, congenital","congenital anomalies"
"1505","756.2","Pectus and other congenital anomalies of ribs/sternum","congenital anomalies"
"1506","756.5","Congenital osteodystrophies","congenital anomalies"
"1507","756.1","Congenital anomalies of abdominal wall; diaphram","congenital anomalies"
"1508","756.3","Congenital anomalies of muscle, tendon, fascia, and connective tissue","congenital anomalies"
"1509","757","Congenital anomalies of the integument","congenital anomalies"
"1510","691.1","Ichthyosis congenita","dermatologic"
"1511","691","Congenital anomalies of skin","dermatologic"
"1512","217","Vascular hamartomas and non-neoplastic nevi","neoplasms"
"1513","691.3","Congenital pigmentary anomalies of skin","dermatologic"
"1514","612.3","Congenital anomalies of breast","genitourinary"
"1515","758.1","Chromosomal anomalies","congenital anomalies"
"1516","759","Other and unspecified congenital anomalies","congenital anomalies"
"1517","759.1","Anomalies of endocrine glands, congenital","congenital anomalies"
"1518","758","Chromosomal anomalies and genetic disorders","congenital anomalies"
"1519","637","Short gestation; low birth weight; and fetal growth retardation","pregnancy complications"
"1520","656.2","Respiratory conditions of fetus and newborn","pregnancy complications"
"1521","656","Other perinatal conditions of fetus or newborn","pregnancy complications"
"1522","656.22","Interstitial emphysema and related conditions of newborn","pregnancy complications"
"1523","656.26","Transitory tachypnea or apnea of newborn","pregnancy complications"
"1524","656.4","Hemorrhage of fetus or newborn","pregnancy complications"
"1525","656.1","Isoimmunization of fetus or newborn","pregnancy complications"
"1526","656.8","Perinatal jaundice","pregnancy complications"
"1527","656.3","Endocrine and metabolic disturbances of fetus and newborn","pregnancy complications"
"1528","656.5","Hematological disorders of newborn","pregnancy complications"
"1529","656.6","Perinatal disorders of digestive system","pregnancy complications"
"1530","656.7","Conditions involving the integument and temperature regulation of fetus and newborn","pregnancy complications"
"1531","656.9","Neonatal bradycardia or tachycardia","pregnancy complications"
"1532","291.8","Alteration of consciousness","mental disorders"
"1533","348.7","Coma","neurological"
"1534","292.5","Transient alteration of awareness","mental disorders"
"1535","292.6","Hallucinations","mental disorders"
"1536","788","Syncope and collapse","symptoms"
"1537","345.3","Convulsions","neurological"
"1538","386.9","Dizziness and giddiness (Light-headedness and vertigo)","sense organs"
"1539","783","Fever of unknown origin","symptoms"
"1540","783.1","Postprocedural fever","symptoms"
"1541","941","Adverse reaction to serum or vaccine","injuries & poisonings"
"1542","780","Hypothermia/Chills","symptoms"
"1543","798","Malaise and fatigue","symptoms"
"1544","798.1","Chronic fatigue syndrome","symptoms"
"1545","292.3","Memory loss","mental disorders"
"1546","292.4","Altered mental status","mental disorders"
"1547","781","Symptoms involving nervous and musculoskeletal systems","symptoms"
"1548","350.1","Abnormal involuntary movements","neurological"
"1549","350.6","Disturbances of sensation of smell and taste","neurological"
"1550","350.2","Abnormality of gait","neurological"
"1551","350","Abnormal movement","neurological"
"1552","350.3","Lack of coordination","neurological"
"1553","292","Neurological disorders","mental disorders"
"1554","781.1","Loss of height","symptoms"
"1555","781.2","Abnormal posture","symptoms"
"1556","772.6","Facial weakness","symptoms"
"1557","782","Symptoms involving skin and other integumentary tissue","symptoms"
"1558","687.4","Disturbance of skin sensation","dermatologic"
"1559","687.1","Rash and other nonspecific skin eruption","dermatologic"
"1560","782.3","Edema","symptoms"
"1561","573.5","Jaundice (not of newborn)","digestive"
"1562","782.6","Pallor and flushing","symptoms"
"1563","287.1","Spontaneous ecchymoses","hematopoietic"
"1564","687.3","Changes in skin texture","dermatologic"
"1565","687","Symptoms affecting skin","dermatologic"
"1566","260.6","Anorexia","endocrine/metabolic"
"1567","278.4","Abnormal weight gain","endocrine/metabolic"
"1568","264","Lack of normal physiological development","endocrine/metabolic"
"1569","264.9","Lack of normal physiological development, unspecified","endocrine/metabolic"
"1570","264.2","Failure to thrive (childhood)","endocrine/metabolic"
"1571","264.3","Delayed milestones","endocrine/metabolic"
"1572","264.1","Short stature","endocrine/metabolic"
"1573","276.8","Polydipsia","endocrine/metabolic"
"1574","260.7","Polyphagia","endocrine/metabolic"
"1575","260.3","Adult failure to thrive","endocrine/metabolic"
"1576","293","Symptoms involving head and neck","mental disorders"
"1577","478","Throat pain","respiratory"
"1578","293.1","Swelling, mass, or lump in head and neck [Space-occupying lesion, intracranial NOS]","mental disorders"
"1579","292.11","Aphasia","mental disorders"
"1580","473.4","Voice disturbance","respiratory"
"1581","292.1","Aphasia/speech disturbance","mental disorders"
"1582","292.12","Symbolic dysfunction","mental disorders"
"1583","477","Epistaxis or throat hemorrhage","respiratory"
"1584","475.9","Postnasal drip","respiratory"
"1585","429.3","Symptoms involving cardiovascular system","circulatory system"
"1586","427.7","Tachycardia NOS","circulatory system"
"1587","427.9","Palpitations","circulatory system"
"1588","396","Abnormal heart sounds","circulatory system"
"1589","791","Gangrene","symptoms"
"1590","797","Shock","symptoms"
"1591","797.1","Cardiogenic shock","symptoms"
"1592","994.21","Septic shock","injuries & poisonings"
"1593","519.9","Symptoms involving respiratory system and other chest symptoms","respiratory"
"1594","513","Respiratory abnormalities","respiratory"
"1595","513.4","Hyperventilation","respiratory"
"1596","513.32","Orthopnea","respiratory"
"1597","513.31","Apnea","respiratory"
"1598","512.7","Shortness of breath","respiratory"
"1599","512.1","Wheezing","respiratory"
"1600","512.9","Other dyspnea","respiratory"
"1601","512.8","Cough","respiratory"
"1602","516.1","Hemoptysis","respiratory"
"1603","516","Abnormal sputum","respiratory"
"1604","418","Nonspecific chest pain","circulatory system"
"1605","418.1","Precordial pain","circulatory system"
"1606","512.2","Painful respiration","respiratory"
"1607","512.3","Abnormal chest sounds","respiratory"
"1608","579","Other symptoms involving abdomen and pelvis","digestive"
"1609","789","Nausea and vomiting","symptoms"
"1610","530.9","Heartburn","digestive"
"1611","532","Dysphagia","digestive"
"1612","561","Symptoms involving digestive system","digestive"
"1613","579.8","Nonspecific abnormal findings in stool contents","digestive"
"1614","594.8","Renal colic","genitourinary"
"1615","599.3","Dysuria","genitourinary"
"1616","599.2","Retention of urine","genitourinary"
"1617","599.4","Urinary incontinence","genitourinary"
"1618","599.5","Frequency of urination and polyuria","genitourinary"
"1619","599.6","Oliguria and anuria","genitourinary"
"1620","599.9","Other abnormality of urination","genitourinary"
"1621","599.7","Urethral discharge","genitourinary"
"1622","599.8","Other symptoms involving urinary system","genitourinary"
"1623","785","Abdominal pain","symptoms"
"1624","573.3","Hepatomegaly","digestive"
"1625","579.2","Splenomegaly","digestive"
"1626","572","Ascites (non malignant)","digestive"
"1627","790","Nonspecific findings on examination of blood","symptoms"
"1628","790.1","Elevated sedimentation rate","symptoms"
"1629","250.4","Abnormal glucose","endocrine/metabolic"
"1630","250.41","Impaired fasting glucose","endocrine/metabolic"
"1631","250.42","Other abnormal glucose","endocrine/metabolic"
"1632","573.6","Nonspecific elevation of levels of transaminase or lactic acid dehydrogenase [LDH]","digestive"
"1633","573.9","Abnormal serum enzyme levels","digestive"
"1634","790.6","Other abnormal blood chemistry","symptoms"
"1635","038.3","Bacteremia","infectious diseases"
"1636","079.9","Viremia, NOS","infectious diseases"
"1637","790.9","Abnormal arterial blood gases","symptoms"
"1638","286.9","Abnormal coagulation profile","hematopoietic"
"1639","796","Elevated prostate specific antigen [PSA]","genitourinary"
"1640","246.7","Abnormal results of function study of thyroid","endocrine/metabolic"
"1641","790.8","Elevated C-reactive protein (CRP)","symptoms"
"1642","598","Abnormal findings on examination of urine","genitourinary"
"1643","250.5","Glycosuria or Acetonuria","endocrine/metabolic"
"1644","598.4","Other cells and casts in urine","genitourinary"
"1645","346.3","Nonspecific abnormal findings in cerebrospinal fluid","neurological"
"1646","585.31","Renal dialysis","genitourinary"
"1647","346.1","Nonspecific abnormal findings on radiological and other examination of skull and head","neurological"
"1648","514","Abnormal findings examination of lungs","respiratory"
"1649","514.2","Solitary pulmonary nodule","respiratory"
"1650","575.9","Nonspecific abnormal findings on radiological and other examination of biliary tract","digestive"
"1651","611.1","Abnormal mammogram","genitourinary"
"1652","611.11","Mammographic microcalcification","genitourinary"
"1653","611","Abnormal findings on mammogram or breast exam","genitourinary"
"1654","346.2","Nonspecific abnormal results of function study of brain and central nervous system","neurological"
"1655","346","Abnormal findings on study of brain and/or nervous system","neurological"
"1656","514.1","Abnormal results of function study of pulmonary system","respiratory"
"1657","429.2","Abnormal function study of cardiovascular system","circulatory system"
"1658","426.7","Abnormal electrocardiogram [ECG] [EKG]","circulatory system"
"1659","589","Abnormal results of function study of kidney","genitourinary"
"1660","259.1","Nonspecific abnormal results of other endocrine function study","endocrine/metabolic"
"1661","573.7","Abnormal results of function study of liver","digestive"
"1662","794","Abnormal results of other function studies (bladder, pancreas, placenta, spleen, etc)","symptoms"
"1663","795","Other and nonspecific abnormal cytological, histological and immunological findings","symptoms"
"1664","792","Abnormal Papanicolaou smear of cervix and cervical HPV","genitourinary"
"1665","792.1","Papanicolaou smear of cervix or vagina with atypical squamous cells","genitourinary"
"1666","279.7","Other immunological findings","endocrine/metabolic"
"1667","795.81","Elevated carcinoembryonic antigen [CEA]","symptoms"
"1668","795.82","Elevated cancer antigen 125 [CA 125]","symptoms"
"1669","795.8","Abnormal tumor markers","symptoms"
"1670","350.5","Abnormal reflex","neurological"
"1671","509.5","Respiratory arrest","respiratory"
"1672","260.1","Cachexia","endocrine/metabolic"
"1673","819","Skull and face fracture and other intercranial injury","injuries & poisonings"
"1674","805","Fracture of vertebral column without mention of spinal cord injury","injuries & poisonings"
"1675","807","Fracture of ribs","injuries & poisonings"
"1676","809","Fracture of unspecified bones","injuries & poisonings"
"1677","802","Fracture of pelvis","injuries & poisonings"
"1678","803.3","Fracture of clavicle or scapula","injuries & poisonings"
"1679","803.1","Fracture of humerus","injuries & poisonings"
"1680","803.2","Fracture of radius and ulna","injuries & poisonings"
"1681","803.21","Colles' fracture","injuries & poisonings"
"1682","803","Fracture of upper limb","injuries & poisonings"
"1683","804","Fracture of hand or wrist","injuries & poisonings"
"1684","800.1","Fracture of neck of femur","injuries & poisonings"
"1685","800.2","Fracture of unspecified part of femur","injuries & poisonings"
"1686","800.4","Fracture of patella","injuries & poisonings"
"1687","800.3","Fracture of tibia and fibula","injuries & poisonings"
"1688","823","Torus fracture","injuries & poisonings"
"1689","801.1","Fracture of foot","injuries & poisonings"
"1690","801","Fracture of ankle and foot","injuries & poisonings"
"1691","800","Fracture of lower limb","injuries & poisonings"
"1692","830","Dislocation","injuries & poisonings"
"1693","840","Sprains and strains","injuries & poisonings"
"1694","840.3","Joint/ligament sprain","injuries & poisonings"
"1695","840.1","Muscle/tendon sprain","injuries & poisonings"
"1696","840.2","Rotator cuff (capsule) sprain","injuries & poisonings"
"1697","841","Sprains and strains of back and neck","injuries & poisonings"
"1698","842","Other sprains and strains","injuries & poisonings"
"1699","817","Concussion","injuries & poisonings"
"1700","816","Cerebral laceration and contusion","injuries & poisonings"
"1701","818","Intracranial hemorrhage (injury)","injuries & poisonings"
"1702","818.2","Subarachnoid hemorrhage (injury)","injuries & poisonings"
"1703","818.1","Subdural hemorrhage (injury)","injuries & poisonings"
"1704","870.1","Open wound or laceration of eye or eyelid","injuries & poisonings"
"1705","870.2","Open wound of ear","injuries & poisonings"
"1706","870.3","Other open wound of head and face","injuries & poisonings"
"1707","870.4","Open wound of nose and sinus","injuries & poisonings"
"1708","870","Open wounds of head; neck; and trunk","injuries & poisonings"
"1709","870.5","Open wound of lip and mouth","injuries & poisonings"
"1710","870.6","Open wound of neck","injuries & poisonings"
"1711","870.8","Open wound of genital organs","injuries & poisonings"
"1712","871","Open wounds of extremities","injuries & poisonings"
"1713","871.1","Open wound of hand except finger(s)","injuries & poisonings"
"1714","871.2","Open wound of finger(s)","injuries & poisonings"
"1715","872","Traumatic amputation","injuries & poisonings"
"1716","871.3","Open wound of foot except toe(s) alone","injuries & poisonings"
"1717","871.4","Open wound of toe(s)","injuries & poisonings"
"1718","905","Late effects of musculoskeletal and connective tissue injuries","injuries & poisonings"
"1719","916","Contusion","injuries & poisonings"
"1720","907","Injuries to the nervous system","injuries & poisonings"
"1721","989","Toxic effect of other substances, chiefly nonmedicinal as to source","injuries & poisonings"
"1722","910","Superficial injury, infected","injuries & poisonings"
"1723","911","Blister","injuries & poisonings"
"1724","912","Insect bite","injuries & poisonings"
"1725","952","Spinal cord injury without evidence of spinal bone injury","injuries & poisonings"
"1726","957","Injury to other and unspecified nerves","injuries & poisonings"
"1727","958","Certain early complications of trauma or procedure","injuries & poisonings"
"1728","850","Hemorrhage or hematoma complicating a procedure","injuries & poisonings"
"1729","876","Posttraumatic wound infection not elsewhere classified","injuries & poisonings"
"1730","958.2","Traumatic and surgical subcutaneous emphysema","injuries & poisonings"
"1731","960","Poisoning by antibiotics","injuries & poisonings"
"1732","960.2","Allergy/adverse effect of penicillin","injuries & poisonings"
"1733","960.3","Poisoning by antifungal antibiotics","injuries & poisonings"
"1734","960.1","Adverse effects of antibacterials (not penicillins)","injuries & poisonings"
"1735","961","Poisoning by other anti-infectives","injuries & poisonings"
"1736","961.1","Poisoning/allergy of sulfonamides","injuries & poisonings"
"1737","962.3","Hormones and synthetic substitutes causing adverse effects in therapeutic use","injuries & poisonings"
"1738","962.1","Adrenal cortical steroids causing adverse effects in therapeutic use","injuries & poisonings"
"1739","962","Poisoning by hormones and synthetic substitutes","injuries & poisonings"
"1740","962.2","Insulins and antidiabetic agents causing adverse effects in therapeutic use","injuries & poisonings"
"1741","963","Poisoning by primarily systemic agents","injuries & poisonings"
"1742","964","Poisoning by agents primarily affecting blood constituents","injuries & poisonings"
"1743","965","Poisoning by analgesics, antipyretics, and antirheumatics","injuries & poisonings"
"1744","965.1","Opiates and related narcotics causing adverse effects in therapeutic use","injuries & poisonings"
"1745","965.3","Salicylates causing adverse effects in therapeutic use","injuries & poisonings"
"1746","965.2","Antirheumatics causing adverse effects in therapeutic use","injuries & poisonings"
"1747","966","Poisoning by anticonvulsants and anti-Parkinsonism drugs","injuries & poisonings"
"1748","969","Poisoning by psychotropic agents","injuries & poisonings"
"1749","971","Poisoning by drugs primarily affecting the autonomic nervous system","injuries & poisonings"
"1750","972","Poisoning by agents primarily affecting the cardiovascular system","injuries & poisonings"
"1751","972.1","Cardiac rhythm regulators causing adverse effects in therapeutic use","injuries & poisonings"
"1752","972.2","Antilipemic and antiarteriosclerotic drugs causing adverse effects in therapeutic use","injuries & poisonings"
"1753","972.6","Antihypertensive agents causing adverse effects","injuries & poisonings"
"1754","973","Poisoning by agents primarily affecting the gastrointestinal system","injuries & poisonings"
"1755","974","Poisoning by water, mineral, and uric acid metabolism drugs","injuries & poisonings"
"1756","975","Poisoning by agents primarily acting on the smooth and skeletal muscles and respiratory system","injuries & poisonings"
"1757","976","Poisoning by agents primarily affecting skin & mucous membrane, ophthalmological, otorhinolaryngological, & dental drugs","injuries & poisonings"
"1758","981","Toxic effect of (non-ethyl) alcohol and petroleum and other solvents","injuries & poisonings"
"1759","983","Toxic effect of corrosive aromatics, acids, and caustic alkalis","injuries & poisonings"
"1760","984","Toxic effect of lead and its compounds (including fumes)","injuries & poisonings"
"1761","985","Toxic effect of other metals","injuries & poisonings"
"1762","986","Toxic effect of carbon monoxide","injuries & poisonings"
"1763","987","Toxic effect of other gases, fumes, or vapors","injuries & poisonings"
"1764","988","Toxic effect of noxious substances eaten as food","injuries & poisonings"
"1765","913","Toxic effect of venom","injuries & poisonings"
"1766","946","Anaphylactic shock NOS","injuries & poisonings"
"1767","949","Allergies, other","injuries & poisonings"
"1768","994","Sepsis and SIRS","injuries & poisonings"
"1769","994.1","Systemic inflammatory response syndrome (SIRS)","injuries & poisonings"
"1770","994.2","Sepsis","injuries & poisonings"
"1771","854","Complications of cardiac/vascular device, implant, and graft","injuries & poisonings"
"1772","426.91","Cardiac pacemaker in situ","circulatory system"
"1773","426.92","Cardiac defibrillator in situ","circulatory system"
"1774","855","Complication of nervous system device, implant, and graft","injuries & poisonings"
"1775","857","Mechanical complication of unspecified genitourinary device, implant, and graft","injuries & poisonings"
"1776","858","Complication of internal orthopedic device","injuries & poisonings"
"1777","859","Complication due to other implant and internal device","injuries & poisonings"
"1778","081","Infection/inflammation of internal prosthetic device; implant; and graft","infectious diseases"
"1779","587","Kidney replaced by transpant","genitourinary"
"1780","573.2","Liver replaced by transplant","digestive"
"1781","510.2","Lung transplant","respiratory"
"1782","860","Bone marrow or stem cell transplant","neoplasms"
"1783","856","Vascular complications of surgery and medical procedures","injuries & poisonings"
"1784","429.9","Cardiac complications, not elsewhere classified","circulatory system"
"1785","519.2","Respiratory complications","respiratory"
"1786","597.2","Urinary complications NEC","genitourinary"
"1787","874","Complication of amputation stump","injuries & poisonings"
"1788","401","Hypertension","circulatory system"
"1789","958.1","Postoperative shock","injuries & poisonings"
"1790","875","Non-healing surgical wound","injuries & poisonings"
"1791","297.2","Suicide or self-inflicted injury","mental disorders"
"1792","297","Suicidal ideation or attempt","mental disorders"
"1793","627.22","Need for Hormone replacement therapy (postmenopausal)","genitourinary"
"1794","041.9","Infection with drug-resistant microorganisms","infectious diseases"
"1795","149.5","Hx of malignant neoplasm of oral cavity and pharynx","neoplasms"
"1796","172.1","Melanomas of skin, dx or hx","neoplasms"
"1797","289.3","Personal history of diseases of blood and blood-forming organs","hematopoietic"
"1798","564.9","Personal history of diseases of digestive system","digestive"
"1799","620.1","Dysplasia of cervix","genitourinary"
"1800","977","Personal history of allergy to medicinal agents","injuries & poisonings"
"1801","395.6","Heart valve replaced","circulatory system"
"1802","364.9","Cornea replaced by transplant","sense organs"
"1803","459.7","Blood vessel replaced","circulatory system"
"1804","559","Ileostomy status","digestive"
"1805","426.9","Cardiac pacemaker/device in situ","circulatory system"
"1806","250.3","Insulin pump user","endocrine/metabolic"
"1807","509.8","Dependence on respirator [Ventilator] or supplemental oxygen","respiratory"
"1808","196","Radiotherapy","neoplasms"
"1809","197","Chemotherapy","neoplasms"
"1810","457","Encounter for long-term (current) use of anticoagulants, antithrombotics, aspirin","circulatory system"
"1811","286.2","Encounter for long-term (current) use of anticoagulants","hematopoietic"
"1812","980","Encounter for long-term (current) use of antibiotics","infectious diseases"
"1813","457.2","Encounter for long-term (current) use of antiplatelets/antithrombotics","circulatory system"
"1814","457.3","Encounter for long-term (current) use of aspirin","circulatory system"
"1815","297.1","Suicidal ideation","mental disorders"
"1816","216.1","Screening for malignant neoplasms of the skin","neoplasms"
"1817","195.3","Malignant neoplasm of head, face, and neck","neoplasms"
